[{"model": "admin.logentry", "pk": 1, "fields": {"action_time": "2024-06-21T09:26:22.592Z", "user": 1, "content_type": 7, "object_id": "1", "object_repr": "items object (1)", "action_flag": 1, "change_message": "[{\"added\": {}}]"}}, {"model": "admin.logentry", "pk": 2, "fields": {"action_time": "2024-06-21T09:26:48.244Z", "user": 1, "content_type": 7, "object_id": "2", "object_repr": "items object (2)", "action_flag": 1, "change_message": "[{\"added\": {}}]"}}, {"model": "admin.logentry", "pk": 3, "fields": {"action_time": "2024-06-21T09:27:53.050Z", "user": 1, "content_type": 7, "object_id": "3", "object_repr": "items object (3)", "action_flag": 1, "change_message": "[{\"added\": {}}]"}}, {"model": "admin.logentry", "pk": 4, "fields": {"action_time": "2024-06-21T10:12:26.007Z", "user": 1, "content_type": 7, "object_id": "4", "object_repr": "bangles", "action_flag": 1, "change_message": "[{\"added\": {}}]"}}, {"model": "admin.logentry", "pk": 5, "fields": {"action_time": "2024-06-21T10:14:50.342Z", "user": 1, "content_type": 7, "object_id": "5", "object_repr": "neckless_gold", "action_flag": 1, "change_message": "[{\"added\": {}}]"}}, {"model": "admin.logentry", "pk": 6, "fields": {"action_time": "2024-06-21T10:38:49.742Z", "user": 1, "content_type": 7, "object_id": "5", "object_repr": "neckless_gold", "action_flag": 3, "change_message": ""}}, {"model": "admin.logentry", "pk": 7, "fields": {"action_time": "2024-06-21T10:38:50.144Z", "user": 1, "content_type": 7, "object_id": "4", "object_repr": "bangles", "action_flag": 3, "change_message": ""}}, {"model": "admin.logentry", "pk": 8, "fields": {"action_time": "2024-06-21T10:38:50.323Z", "user": 1, "content_type": 7, "object_id": "3", "object_repr": "neckless", "action_flag": 3, "change_message": ""}}, {"model": "admin.logentry", "pk": 9, "fields": {"action_time": "2024-06-21T10:38:50.515Z", "user": 1, "content_type": 7, "object_id": "2", "object_repr": "Ring", "action_flag": 3, "change_message": ""}}, {"model": "admin.logentry", "pk": 10, "fields": {"action_time": "2024-06-21T10:38:50.695Z", "user": 1, "content_type": 7, "object_id": "1", "object_repr": "Ring", "action_flag": 3, "change_message": ""}}, {"model": "admin.logentry", "pk": 11, "fields": {"action_time": "2024-06-21T10:41:02.971Z", "user": 1, "content_type": 7, "object_id": "6", "object_repr": "The Domonkos Gold Ring", "action_flag": 1, "change_message": "[{\"added\": {}}]"}}, {"model": "admin.logentry", "pk": 12, "fields": {"action_time": "2024-06-21T10:41:56.489Z", "user": 1, "content_type": 7, "object_id": "7", "object_repr": "The Drusilla Diamond Ring", "action_flag": 1, "change_message": "[{\"added\": {}}]"}}, {"model": "admin.logentry", "pk": 13, "fields": {"action_time": "2024-06-21T10:42:12.615Z", "user": 1, "content_type": 7, "object_id": "6", "object_repr": "The Domonkos Gold Ring", "action_flag": 2, "change_message": "[{\"changed\": {\"fields\": [\"Description\"]}}]"}}, {"model": "admin.logentry", "pk": 14, "fields": {"action_time": "2024-06-21T10:43:06.782Z", "user": 1, "content_type": 7, "object_id": "8", "object_repr": "The Drusilla Diamond Ring", "action_flag": 1, "change_message": "[{\"added\": {}}]"}}, {"model": "admin.logentry", "pk": 15, "fields": {"action_time": "2024-06-21T10:45:51.053Z", "user": 1, "content_type": 7, "object_id": "9", "object_repr": "The Berinhard Gold Ring", "action_flag": 1, "change_message": "[{\"added\": {}}]"}}, {"model": "admin.logentry", "pk": 16, "fields": {"action_time": "2024-06-21T10:46:24.234Z", "user": 1, "content_type": 7, "object_id": "6", "object_repr": "The Domonkos Gold Ring", "action_flag": 2, "change_message": "[{\"changed\": {\"fields\": [\"Description\"]}}]"}}, {"model": "admin.logentry", "pk": 17, "fields": {"action_time": "2024-06-21T10:47:55.798Z", "user": 1, "content_type": 7, "object_id": "7", "object_repr": "The Drusilla Diamond Ring", "action_flag": 2, "change_message": "[{\"changed\": {\"fields\": [\"Description\"]}}]"}}, {"model": "admin.logentry", "pk": 18, "fields": {"action_time": "2024-06-21T10:48:18.457Z", "user": 1, "content_type": 7, "object_id": "6", "object_repr": "The Domonkos Gold Ring", "action_flag": 2, "change_message": "[{\"changed\": {\"fields\": [\"Description\"]}}]"}}, {"model": "admin.logentry", "pk": 19, "fields": {"action_time": "2024-06-21T10:48:24.243Z", "user": 1, "content_type": 7, "object_id": "7", "object_repr": "The Drusilla Diamond Ring", "action_flag": 2, "change_message": "[]"}}, {"model": "admin.logentry", "pk": 20, "fields": {"action_time": "2024-06-21T10:48:54.086Z", "user": 1, "content_type": 7, "object_id": "8", "object_repr": "The Adalina Gold Ring", "action_flag": 2, "change_message": "[{\"changed\": {\"fields\": [\"Name\", \"Description\"]}}]"}}, {"model": "admin.logentry", "pk": 21, "fields": {"action_time": "2024-06-21T10:49:53.525Z", "user": 1, "content_type": 7, "object_id": "10", "object_repr": "The Berinhard Gold Ring", "action_flag": 1, "change_message": "[{\"added\": {}}]"}}, {"model": "admin.logentry", "pk": 22, "fields": {"action_time": "2024-06-21T10:51:58.612Z", "user": 1, "content_type": 7, "object_id": "10", "object_repr": "The Berinhard Gold Ring", "action_flag": 3, "change_message": ""}}, {"model": "admin.logentry", "pk": 23, "fields": {"action_time": "2024-06-21T10:52:13.644Z", "user": 1, "content_type": 7, "object_id": "9", "object_repr": "The Berinhard Gold Ring", "action_flag": 2, "change_message": "[{\"changed\": {\"fields\": [\"Description\"]}}]"}}, {"model": "admin.logentry", "pk": 24, "fields": {"action_time": "2024-06-21T10:53:01.905Z", "user": 1, "content_type": 7, "object_id": "6", "object_repr": "The Domonkos Gold Ring", "action_flag": 2, "change_message": "[{\"changed\": {\"fields\": [\"Description\"]}}]"}}, {"model": "admin.logentry", "pk": 25, "fields": {"action_time": "2024-06-21T10:53:11.466Z", "user": 1, "content_type": 7, "object_id": "7", "object_repr": "The Drusilla Diamond Ring", "action_flag": 2, "change_message": "[{\"changed\": {\"fields\": [\"Description\"]}}]"}}, {"model": "admin.logentry", "pk": 26, "fields": {"action_time": "2024-06-21T10:53:19.626Z", "user": 1, "content_type": 7, "object_id": "8", "object_repr": "The Adalina Gold Ring", "action_flag": 2, "change_message": "[{\"changed\": {\"fields\": [\"Description\"]}}]"}}, {"model": "admin.logentry", "pk": 27, "fields": {"action_time": "2024-06-21T10:53:28.335Z", "user": 1, "content_type": 7, "object_id": "9", "object_repr": "The Berinhard Gold Ring", "action_flag": 2, "change_message": "[{\"changed\": {\"fields\": [\"Description\"]}}]"}}, {"model": "admin.logentry", "pk": 28, "fields": {"action_time": "2024-06-21T10:54:02.804Z", "user": 1, "content_type": 7, "object_id": "11", "object_repr": "The Cathi Diamond Ring", "action_flag": 1, "change_message": "[{\"added\": {}}]"}}, {"model": "admin.logentry", "pk": 29, "fields": {"action_time": "2024-06-21T10:54:27.071Z", "user": 1, "content_type": 7, "object_id": "12", "object_repr": "The George Gold Ring Ships Faster", "action_flag": 1, "change_message": "[{\"added\": {}}]"}}, {"model": "admin.logentry", "pk": 30, "fields": {"action_time": "2024-06-21T10:54:51.480Z", "user": 1, "content_type": 7, "object_id": "13", "object_repr": "The Coira Solitaire Diamond Ring", "action_flag": 1, "change_message": "[{\"added\": {}}]"}}, {"model": "admin.logentry", "pk": 31, "fields": {"action_time": "2024-06-21T10:55:19.662Z", "user": 1, "content_type": 7, "object_id": "14", "object_repr": "The Cholena Diamond Ring", "action_flag": 1, "change_message": "[{\"added\": {}}]"}}, {"model": "admin.logentry", "pk": 32, "fields": {"action_time": "2024-06-21T10:55:58.489Z", "user": 1, "content_type": 7, "object_id": "15", "object_repr": "The Naveah Diamond Ring", "action_flag": 1, "change_message": "[{\"added\": {}}]"}}, {"model": "admin.logentry", "pk": 33, "fields": {"action_time": "2024-06-21T12:41:28.851Z", "user": 1, "content_type": 9, "object_id": "1", "object_repr": "Gold Alphabet S Pendant", "action_flag": 1, "change_message": "[{\"added\": {}}]"}}, {"model": "admin.logentry", "pk": 34, "fields": {"action_time": "2024-06-21T12:42:26.401Z", "user": 1, "content_type": 9, "object_id": "2", "object_repr": "Gold Alphabet P Pendant", "action_flag": 1, "change_message": "[{\"added\": {}}]"}}, {"model": "admin.logentry", "pk": 35, "fields": {"action_time": "2024-06-21T12:43:11.272Z", "user": 1, "content_type": 9, "object_id": "3", "object_repr": "Jolly 'j' Diamond Pendant", "action_flag": 1, "change_message": "[{\"added\": {}}]"}}, {"model": "admin.logentry", "pk": 36, "fields": {"action_time": "2024-06-21T12:44:22.589Z", "user": 1, "content_type": 9, "object_id": "4", "object_repr": "Glossy Letter A Pendant", "action_flag": 1, "change_message": "[{\"added\": {}}]"}}, {"model": "admin.logentry", "pk": 37, "fields": {"action_time": "2024-06-21T12:45:31.996Z", "user": 1, "content_type": 9, "object_id": "5", "object_repr": "Golden Heart R aphabet Pendant", "action_flag": 1, "change_message": "[{\"added\": {}}]"}}, {"model": "admin.logentry", "pk": 38, "fields": {"action_time": "2024-06-21T12:47:07.452Z", "user": 1, "content_type": 9, "object_id": "6", "object_repr": "Golden Heart V Alphabet Pendant", "action_flag": 1, "change_message": "[{\"added\": {}}]"}}, {"model": "admin.logentry", "pk": 39, "fields": {"action_time": "2024-06-21T12:48:13.627Z", "user": 1, "content_type": 9, "object_id": "7", "object_repr": "Golden Heart N Alphabet Pendant", "action_flag": 1, "change_message": "[{\"added\": {}}]"}}, {"model": "admin.logentry", "pk": 40, "fields": {"action_time": "2024-06-21T12:49:25.176Z", "user": 1, "content_type": 9, "object_id": "8", "object_repr": "Bold Letter L Unisex Diamond Pendant", "action_flag": 1, "change_message": "[{\"added\": {}}]"}}, {"model": "admin.logentry", "pk": 41, "fields": {"action_time": "2024-06-24T13:07:14.647Z", "user": 1, "content_type": 7, "object_id": "6", "object_repr": "ring object (6)", "action_flag": 3, "change_message": ""}}, {"model": "admin.logentry", "pk": 42, "fields": {"action_time": "2024-06-24T13:07:37.730Z", "user": 1, "content_type": 7, "object_id": "16", "object_repr": "ring object (16)", "action_flag": 1, "change_message": "[{\"added\": {}}]"}}, {"model": "admin.logentry", "pk": 43, "fields": {"action_time": "2024-06-24T13:33:47.094Z", "user": 1, "content_type": 7, "object_id": "1", "object_repr": "ring object (1)", "action_flag": 1, "change_message": "[{\"added\": {}}]"}}, {"model": "admin.logentry", "pk": 44, "fields": {"action_time": "2024-06-24T13:35:39.525Z", "user": 1, "content_type": 7, "object_id": "1", "object_repr": "ring object (1)", "action_flag": 2, "change_message": "[{\"changed\": {\"fields\": [\"Image\"]}}]"}}, {"model": "admin.logentry", "pk": 45, "fields": {"action_time": "2024-06-24T13:36:01.235Z", "user": 1, "content_type": 7, "object_id": "1", "object_repr": "ring object (1)", "action_flag": 2, "change_message": "[{\"changed\": {\"fields\": [\"Image\"]}}]"}}, {"model": "admin.logentry", "pk": 46, "fields": {"action_time": "2024-06-24T16:13:32.387Z", "user": 1, "content_type": 7, "object_id": "2", "object_repr": "ring object (2)", "action_flag": 1, "change_message": "[{\"added\": {}}]"}}, {"model": "admin.logentry", "pk": 47, "fields": {"action_time": "2024-06-24T16:13:50.941Z", "user": 1, "content_type": 7, "object_id": "3", "object_repr": "ring object (3)", "action_flag": 1, "change_message": "[{\"added\": {}}]"}}, {"model": "admin.logentry", "pk": 48, "fields": {"action_time": "2024-06-24T16:14:12.744Z", "user": 1, "content_type": 7, "object_id": "4", "object_repr": "ring object (4)", "action_flag": 1, "change_message": "[{\"added\": {}}]"}}, {"model": "admin.logentry", "pk": 49, "fields": {"action_time": "2024-06-25T08:46:16.587Z", "user": 1, "content_type": 7, "object_id": "5", "object_repr": "ring object (5)", "action_flag": 1, "change_message": "[{\"added\": {}}]"}}, {"model": "admin.logentry", "pk": 50, "fields": {"action_time": "2024-06-25T08:46:36.857Z", "user": 1, "content_type": 7, "object_id": "6", "object_repr": "ring object (6)", "action_flag": 1, "change_message": "[{\"added\": {}}]"}}, {"model": "admin.logentry", "pk": 51, "fields": {"action_time": "2024-06-25T08:46:43.207Z", "user": 1, "content_type": 7, "object_id": "5", "object_repr": "ring object (5)", "action_flag": 2, "change_message": "[]"}}, {"model": "admin.logentry", "pk": 52, "fields": {"action_time": "2024-06-25T08:46:48.227Z", "user": 1, "content_type": 7, "object_id": "6", "object_repr": "ring object (6)", "action_flag": 2, "change_message": "[]"}}, {"model": "admin.logentry", "pk": 53, "fields": {"action_time": "2024-06-25T08:47:05.614Z", "user": 1, "content_type": 7, "object_id": "7", "object_repr": "ring object (7)", "action_flag": 1, "change_message": "[{\"added\": {}}]"}}, {"model": "admin.logentry", "pk": 54, "fields": {"action_time": "2024-06-25T08:47:34.190Z", "user": 1, "content_type": 7, "object_id": "8", "object_repr": "ring object (8)", "action_flag": 1, "change_message": "[{\"added\": {}}]"}}, {"model": "admin.logentry", "pk": 55, "fields": {"action_time": "2024-06-25T08:48:40.519Z", "user": 1, "content_type": 9, "object_id": "1", "object_repr": "Neckless object (1)", "action_flag": 1, "change_message": "[{\"added\": {}}]"}}, {"model": "admin.logentry", "pk": 56, "fields": {"action_time": "2024-06-25T08:49:00.283Z", "user": 1, "content_type": 9, "object_id": "2", "object_repr": "Neckless object (2)", "action_flag": 1, "change_message": "[{\"added\": {}}]"}}, {"model": "admin.logentry", "pk": 57, "fields": {"action_time": "2024-06-25T08:49:18.551Z", "user": 1, "content_type": 9, "object_id": "3", "object_repr": "Neckless object (3)", "action_flag": 1, "change_message": "[{\"added\": {}}]"}}, {"model": "admin.logentry", "pk": 58, "fields": {"action_time": "2024-06-25T08:49:37.401Z", "user": 1, "content_type": 9, "object_id": "4", "object_repr": "Neckless object (4)", "action_flag": 1, "change_message": "[{\"added\": {}}]"}}, {"model": "admin.logentry", "pk": 59, "fields": {"action_time": "2024-06-25T08:50:31.417Z", "user": 1, "content_type": 9, "object_id": "4", "object_repr": "Neckless object (4)", "action_flag": 2, "change_message": "[]"}}, {"model": "admin.logentry", "pk": 60, "fields": {"action_time": "2024-06-25T08:50:47.748Z", "user": 1, "content_type": 9, "object_id": "5", "object_repr": "Neckless object (5)", "action_flag": 1, "change_message": "[{\"added\": {}}]"}}, {"model": "admin.logentry", "pk": 61, "fields": {"action_time": "2024-06-25T08:51:04.904Z", "user": 1, "content_type": 9, "object_id": "6", "object_repr": "Neckless object (6)", "action_flag": 1, "change_message": "[{\"added\": {}}]"}}, {"model": "admin.logentry", "pk": 62, "fields": {"action_time": "2024-06-25T08:51:20.699Z", "user": 1, "content_type": 9, "object_id": "7", "object_repr": "Neckless object (7)", "action_flag": 1, "change_message": "[{\"added\": {}}]"}}, {"model": "admin.logentry", "pk": 63, "fields": {"action_time": "2024-06-25T08:51:36.639Z", "user": 1, "content_type": 9, "object_id": "8", "object_repr": "Neckless object (8)", "action_flag": 1, "change_message": "[{\"added\": {}}]"}}, {"model": "admin.logentry", "pk": 64, "fields": {"action_time": "2024-06-25T08:51:54.100Z", "user": 1, "content_type": 9, "object_id": "9", "object_repr": "Neckless object (9)", "action_flag": 1, "change_message": "[{\"added\": {}}]"}}, {"model": "admin.logentry", "pk": 65, "fields": {"action_time": "2024-06-25T08:52:03.650Z", "user": 1, "content_type": 9, "object_id": "8", "object_repr": "Neckless object (8)", "action_flag": 2, "change_message": "[]"}}, {"model": "admin.logentry", "pk": 66, "fields": {"action_time": "2024-06-25T08:52:18.589Z", "user": 1, "content_type": 9, "object_id": "9", "object_repr": "Neckless object (9)", "action_flag": 2, "change_message": "[{\"changed\": {\"fields\": [\"Image\"]}}]"}}, {"model": "admin.logentry", "pk": 67, "fields": {"action_time": "2024-06-28T09:35:38.341Z", "user": 1, "content_type": 7, "object_id": "1", "object_repr": "noce", "action_flag": 2, "change_message": "[{\"changed\": {\"fields\": [\"Like count\"]}}]"}}, {"model": "admin.logentry", "pk": 68, "fields": {"action_time": "2024-06-28T09:40:28.563Z", "user": 1, "content_type": 7, "object_id": "1", "object_repr": "noce", "action_flag": 2, "change_message": "[{\"changed\": {\"fields\": [\"Like count\"]}}]"}}, {"model": "admin.logentry", "pk": 69, "fields": {"action_time": "2024-06-28T09:41:05.794Z", "user": 1, "content_type": 7, "object_id": "1", "object_repr": "noce", "action_flag": 2, "change_message": "[]"}}, {"model": "admin.logentry", "pk": 70, "fields": {"action_time": "2024-06-28T09:42:44.861Z", "user": 1, "content_type": 7, "object_id": "1", "object_repr": "noce", "action_flag": 2, "change_message": "[]"}}, {"model": "admin.logentry", "pk": 71, "fields": {"action_time": "2024-06-28T11:06:29.997Z", "user": 1, "content_type": 7, "object_id": "1", "object_repr": "noce", "action_flag": 2, "change_message": "[{\"changed\": {\"fields\": [\"Like count\", \"Like by\"]}}]"}}, {"model": "admin.logentry", "pk": 72, "fields": {"action_time": "2024-06-28T11:06:36.600Z", "user": 1, "content_type": 7, "object_id": "1", "object_repr": "noce", "action_flag": 2, "change_message": "[]"}}, {"model": "admin.logentry", "pk": 73, "fields": {"action_time": "2024-07-01T11:21:24.997Z", "user": 1, "content_type": 7, "object_id": "1", "object_repr": "noce", "action_flag": 2, "change_message": "[{\"changed\": {\"fields\": [\"Image\", \"Image hover\"]}}]"}}, {"model": "admin.logentry", "pk": 74, "fields": {"action_time": "2024-07-01T11:25:17.445Z", "user": 1, "content_type": 7, "object_id": "9", "object_repr": "ring", "action_flag": 1, "change_message": "[{\"added\": {}}]"}}, {"model": "admin.logentry", "pk": 75, "fields": {"action_time": "2024-07-01T11:26:16.229Z", "user": 1, "content_type": 7, "object_id": "9", "object_repr": "ring", "action_flag": 2, "change_message": "[{\"changed\": {\"fields\": [\"Image\", \"Image hover\"]}}]"}}, {"model": "admin.logentry", "pk": 76, "fields": {"action_time": "2024-07-01T11:30:22.210Z", "user": 1, "content_type": 7, "object_id": "9", "object_repr": "ring", "action_flag": 2, "change_message": "[]"}}, {"model": "admin.logentry", "pk": 77, "fields": {"action_time": "2024-07-01T11:44:22.376Z", "user": 1, "content_type": 7, "object_id": "9", "object_repr": "ring", "action_flag": 2, "change_message": "[{\"changed\": {\"fields\": [\"Image\", \"Image hover\"]}}]"}}, {"model": "admin.logentry", "pk": 78, "fields": {"action_time": "2024-07-01T11:51:43.811Z", "user": 1, "content_type": 7, "object_id": "1", "object_repr": "YALINI RING", "action_flag": 2, "change_message": "[{\"changed\": {\"fields\": [\"Name\", \"Image\", \"Image hover\"]}}]"}}, {"model": "admin.logentry", "pk": 79, "fields": {"action_time": "2024-07-01T11:57:10.834Z", "user": 1, "content_type": 7, "object_id": "2", "object_repr": "ring object (2)", "action_flag": 2, "change_message": "[{\"changed\": {\"fields\": [\"Name\", \"Image\", \"Image hover\"]}}]"}}, {"model": "admin.logentry", "pk": 80, "fields": {"action_time": "2024-07-01T12:02:15.669Z", "user": 1, "content_type": 7, "object_id": "3", "object_repr": "DELFINA RING", "action_flag": 2, "change_message": "[{\"changed\": {\"fields\": [\"Name\", \"Liked by\"]}}]"}}, {"model": "admin.logentry", "pk": 81, "fields": {"action_time": "2024-07-01T12:02:47.104Z", "user": 1, "content_type": 7, "object_id": "3", "object_repr": "DELFINA RING", "action_flag": 2, "change_message": "[{\"changed\": {\"fields\": [\"Image\", \"Image hover\"]}}]"}}, {"model": "admin.logentry", "pk": 82, "fields": {"action_time": "2024-07-01T12:08:39.238Z", "user": 1, "content_type": 7, "object_id": "4", "object_repr": "NATALINA RING", "action_flag": 2, "change_message": "[{\"changed\": {\"fields\": [\"Name\", \"Image\", \"Image hover\", \"Liked by\"]}}]"}}, {"model": "admin.logentry", "pk": 83, "fields": {"action_time": "2024-07-01T12:11:19.246Z", "user": 1, "content_type": 7, "object_id": "5", "object_repr": "ALIYAH RING", "action_flag": 2, "change_message": "[{\"changed\": {\"fields\": [\"Name\", \"Image\", \"Image hover\", \"Liked by\"]}}]"}}, {"model": "admin.logentry", "pk": 84, "fields": {"action_time": "2024-07-01T12:32:42.133Z", "user": 1, "content_type": 7, "object_id": "6", "object_repr": "YASHITA RING", "action_flag": 2, "change_message": "[{\"changed\": {\"fields\": [\"Name\", \"Image\", \"Image hover\", \"Liked by\"]}}]"}}, {"model": "admin.logentry", "pk": 85, "fields": {"action_time": "2024-07-01T12:37:00.935Z", "user": 1, "content_type": 7, "object_id": "7", "object_repr": "GRACIA RING", "action_flag": 2, "change_message": "[{\"changed\": {\"fields\": [\"Name\", \"Image\", \"Image hover\", \"Liked by\"]}}]"}}, {"model": "admin.logentry", "pk": 86, "fields": {"action_time": "2024-07-01T12:38:22.858Z", "user": 1, "content_type": 7, "object_id": "8", "object_repr": "MICHAEL RING FOR MEN", "action_flag": 2, "change_message": "[{\"changed\": {\"fields\": [\"Name\", \"Image\", \"Image hover\", \"Liked by\"]}}]"}}, {"model": "admin.logentry", "pk": 87, "fields": {"action_time": "2024-07-01T12:40:11.479Z", "user": 1, "content_type": 7, "object_id": "10", "object_repr": "EMBER RING", "action_flag": 1, "change_message": "[{\"added\": {}}]"}}, {"model": "admin.logentry", "pk": 88, "fields": {"action_time": "2024-07-01T12:40:53.384Z", "user": 1, "content_type": 7, "object_id": "9", "object_repr": "AHUTI HEART RING", "action_flag": 2, "change_message": "[{\"changed\": {\"fields\": [\"Name\"]}}]"}}, {"model": "admin.logentry", "pk": 89, "fields": {"action_time": "2024-07-01T12:43:19.946Z", "user": 1, "content_type": 7, "object_id": "11", "object_repr": "ARIANWEN RING", "action_flag": 1, "change_message": "[{\"added\": {}}]"}}, {"model": "admin.logentry", "pk": 90, "fields": {"action_time": "2024-07-01T12:45:54.906Z", "user": 1, "content_type": 7, "object_id": "12", "object_repr": "BLOSSOM RING", "action_flag": 1, "change_message": "[{\"added\": {}}]"}}, {"model": "admin.logentry", "pk": 91, "fields": {"action_time": "2024-07-01T12:47:31.754Z", "user": 1, "content_type": 7, "object_id": "13", "object_repr": "BETHAN RING", "action_flag": 1, "change_message": "[{\"added\": {}}]"}}, {"model": "admin.logentry", "pk": 92, "fields": {"action_time": "2024-07-01T12:51:13.982Z", "user": 1, "content_type": 7, "object_id": "14", "object_repr": "KISMET RING", "action_flag": 1, "change_message": "[{\"added\": {}}]"}}, {"model": "admin.logentry", "pk": 93, "fields": {"action_time": "2024-07-01T12:52:45.656Z", "user": 1, "content_type": 7, "object_id": "15", "object_repr": "ADDISON RING", "action_flag": 1, "change_message": "[{\"added\": {}}]"}}, {"model": "admin.logentry", "pk": 94, "fields": {"action_time": "2024-07-01T16:17:07.380Z", "user": 1, "content_type": 9, "object_id": "1", "object_repr": "THE OM UNISEX PENDANT", "action_flag": 2, "change_message": "[{\"changed\": {\"fields\": [\"Name\", \"Image\", \"Image hover\"]}}]"}}, {"model": "admin.logentry", "pk": 95, "fields": {"action_time": "2024-07-01T16:18:48.320Z", "user": 1, "content_type": 9, "object_id": "2", "object_repr": "AMIRI PENDANT", "action_flag": 2, "change_message": "[{\"changed\": {\"fields\": [\"Name\", \"Image\", \"Image hover\"]}}]"}}, {"model": "admin.logentry", "pk": 96, "fields": {"action_time": "2024-07-01T16:21:36.831Z", "user": 1, "content_type": 9, "object_id": "3", "object_repr": "SWASTIK PENDANT", "action_flag": 2, "change_message": "[{\"changed\": {\"fields\": [\"Name\", \"Image\", \"Image hover\"]}}]"}}, {"model": "admin.logentry", "pk": 97, "fields": {"action_time": "2024-07-01T16:23:11.404Z", "user": 1, "content_type": 9, "object_id": "4", "object_repr": "OMKAR UNISEX PENDANT", "action_flag": 2, "change_message": "[{\"changed\": {\"fields\": [\"Name\", \"Image\", \"Image hover\"]}}]"}}, {"model": "admin.logentry", "pk": 98, "fields": {"action_time": "2024-07-01T16:23:50.195Z", "user": 1, "content_type": 9, "object_id": "3", "object_repr": "SWASTIK PENDANT", "action_flag": 2, "change_message": "[{\"changed\": {\"fields\": [\"Image hover\"]}}]"}}, {"model": "admin.logentry", "pk": 99, "fields": {"action_time": "2024-07-01T16:24:44.967Z", "user": 1, "content_type": 9, "object_id": "3", "object_repr": "SWASTIK PENDANT", "action_flag": 2, "change_message": "[{\"changed\": {\"fields\": [\"Image hover\"]}}]"}}, {"model": "admin.logentry", "pk": 100, "fields": {"action_time": "2024-07-01T16:24:54.300Z", "user": 1, "content_type": 9, "object_id": "3", "object_repr": "SWASTIK PENDANT", "action_flag": 2, "change_message": "[{\"changed\": {\"fields\": [\"Image hover\"]}}]"}}, {"model": "admin.logentry", "pk": 101, "fields": {"action_time": "2024-07-01T16:28:23.424Z", "user": 1, "content_type": 9, "object_id": "5", "object_repr": "HEART CENTRIC PENDANT", "action_flag": 2, "change_message": "[{\"changed\": {\"fields\": [\"Name\", \"Image\", \"Image hover\"]}}]"}}, {"model": "admin.logentry", "pk": 102, "fields": {"action_time": "2024-07-01T16:33:55.389Z", "user": 1, "content_type": 9, "object_id": "6", "object_repr": "TEDDY PENDANT", "action_flag": 2, "change_message": "[{\"changed\": {\"fields\": [\"Name\", \"Image\", \"Image hover\"]}}]"}}, {"model": "admin.logentry", "pk": 103, "fields": {"action_time": "2024-07-01T16:36:57.336Z", "user": 1, "content_type": 9, "object_id": "7", "object_repr": "RADHYA HAMSA PENDANT", "action_flag": 2, "change_message": "[{\"changed\": {\"fields\": [\"Name\", \"Image\", \"Image hover\"]}}]"}}, {"model": "admin.logentry", "pk": 104, "fields": {"action_time": "2024-07-01T16:38:35.364Z", "user": 1, "content_type": 9, "object_id": "8", "object_repr": "INITIAL N PENDANT", "action_flag": 2, "change_message": "[{\"changed\": {\"fields\": [\"Name\", \"Image\", \"Image hover\"]}}]"}}, {"model": "admin.logentry", "pk": 105, "fields": {"action_time": "2024-07-01T16:40:04.855Z", "user": 1, "content_type": 9, "object_id": "9", "object_repr": "JENNA PENDANT", "action_flag": 2, "change_message": "[{\"changed\": {\"fields\": [\"Name\", \"Image\", \"Image hover\"]}}]"}}, {"model": "admin.logentry", "pk": 106, "fields": {"action_time": "2024-07-02T08:50:06.769Z", "user": 1, "content_type": 12, "object_id": "4", "object_repr": "Review_Necklace object (4)", "action_flag": 2, "change_message": "[]"}}, {"model": "admin.logentry", "pk": 107, "fields": {"action_time": "2024-07-02T15:21:59.813Z", "user": 1, "content_type": 9, "object_id": "4", "object_repr": "OMKAR UNISEX PENDANT", "action_flag": 2, "change_message": "[{\"changed\": {\"fields\": [\"Liked by\"]}}]"}}, {"model": "admin.logentry", "pk": 108, "fields": {"action_time": "2024-07-02T15:51:06.506Z", "user": 1, "content_type": 7, "object_id": "1", "object_repr": "YALINI RING", "action_flag": 2, "change_message": "[{\"changed\": {\"fields\": [\"Description\"]}}]"}}, {"model": "admin.logentry", "pk": 109, "fields": {"action_time": "2024-07-02T15:51:36.876Z", "user": 1, "content_type": 7, "object_id": "2", "object_repr": "CERYS RING", "action_flag": 2, "change_message": "[{\"changed\": {\"fields\": [\"Description\"]}}]"}}, {"model": "admin.logentry", "pk": 110, "fields": {"action_time": "2024-07-02T15:52:06.330Z", "user": 1, "content_type": 7, "object_id": "3", "object_repr": "DELFINA RING", "action_flag": 2, "change_message": "[{\"changed\": {\"fields\": [\"Description\"]}}]"}}, {"model": "admin.logentry", "pk": 111, "fields": {"action_time": "2024-07-02T15:52:32.394Z", "user": 1, "content_type": 7, "object_id": "4", "object_repr": "NATALINA RING", "action_flag": 2, "change_message": "[{\"changed\": {\"fields\": [\"Description\"]}}]"}}, {"model": "admin.logentry", "pk": 112, "fields": {"action_time": "2024-07-04T17:32:20.577Z", "user": 1, "content_type": 7, "object_id": "1", "object_repr": "YALINI RING", "action_flag": 2, "change_message": "[{\"changed\": {\"fields\": [\"Price\"]}}]"}}, {"model": "admin.logentry", "pk": 113, "fields": {"action_time": "2024-07-06T09:54:02.091Z", "user": 1, "content_type": 7, "object_id": "1", "object_repr": "YALINI RING", "action_flag": 2, "change_message": "[{\"changed\": {\"fields\": [\"Price\"]}}]"}}, {"model": "admin.logentry", "pk": 114, "fields": {"action_time": "2024-07-06T12:17:07.190Z", "user": 1, "content_type": 7, "object_id": "1", "object_repr": "YALINI RING", "action_flag": 2, "change_message": "[{\"changed\": {\"fields\": [\"Price\"]}}]"}}, {"model": "admin.logentry", "pk": 115, "fields": {"action_time": "2024-07-06T12:17:50.083Z", "user": 1, "content_type": 7, "object_id": "1", "object_repr": "YALINI RING", "action_flag": 2, "change_message": "[{\"changed\": {\"fields\": [\"Price\"]}}]"}}, {"model": "admin.logentry", "pk": 116, "fields": {"action_time": "2024-07-06T12:18:06.289Z", "user": 1, "content_type": 7, "object_id": "1", "object_repr": "YALINI RING", "action_flag": 2, "change_message": "[{\"changed\": {\"fields\": [\"Price\"]}}]"}}, {"model": "admin.logentry", "pk": 117, "fields": {"action_time": "2024-07-06T12:29:26.317Z", "user": 1, "content_type": 7, "object_id": "1", "object_repr": "YALINI RING", "action_flag": 2, "change_message": "[{\"changed\": {\"fields\": [\"Price\"]}}]"}}, {"model": "admin.logentry", "pk": 118, "fields": {"action_time": "2024-07-06T12:30:06.929Z", "user": 1, "content_type": 7, "object_id": "1", "object_repr": "YALINI RING", "action_flag": 2, "change_message": "[{\"changed\": {\"fields\": [\"Price\"]}}]"}}, {"model": "admin.logentry", "pk": 119, "fields": {"action_time": "2024-07-06T12:30:15.460Z", "user": 1, "content_type": 7, "object_id": "2", "object_repr": "CERYS RING", "action_flag": 2, "change_message": "[{\"changed\": {\"fields\": [\"Price\"]}}]"}}, {"model": "admin.logentry", "pk": 120, "fields": {"action_time": "2024-07-06T12:30:26.653Z", "user": 1, "content_type": 7, "object_id": "3", "object_repr": "DELFINA RING", "action_flag": 2, "change_message": "[{\"changed\": {\"fields\": [\"Price\"]}}]"}}, {"model": "admin.logentry", "pk": 121, "fields": {"action_time": "2024-07-06T12:30:42.002Z", "user": 1, "content_type": 7, "object_id": "4", "object_repr": "NATALINA RING", "action_flag": 2, "change_message": "[{\"changed\": {\"fields\": [\"Price\"]}}]"}}, {"model": "admin.logentry", "pk": 122, "fields": {"action_time": "2024-07-06T12:30:54.963Z", "user": 1, "content_type": 7, "object_id": "5", "object_repr": "ALIYAH RING", "action_flag": 2, "change_message": "[{\"changed\": {\"fields\": [\"Price\"]}}]"}}, {"model": "admin.logentry", "pk": 123, "fields": {"action_time": "2024-07-06T12:31:14.938Z", "user": 1, "content_type": 7, "object_id": "6", "object_repr": "YASHITA RING", "action_flag": 2, "change_message": "[]"}}, {"model": "admin.logentry", "pk": 124, "fields": {"action_time": "2024-07-06T12:31:29.815Z", "user": 1, "content_type": 7, "object_id": "7", "object_repr": "GRACIA RING", "action_flag": 2, "change_message": "[{\"changed\": {\"fields\": [\"Price\"]}}]"}}, {"model": "admin.logentry", "pk": 125, "fields": {"action_time": "2024-07-06T12:31:35.699Z", "user": 1, "content_type": 7, "object_id": "8", "object_repr": "MICHAEL RING FOR MEN", "action_flag": 2, "change_message": "[]"}}, {"model": "admin.logentry", "pk": 126, "fields": {"action_time": "2024-07-06T12:31:42.119Z", "user": 1, "content_type": 7, "object_id": "8", "object_repr": "MICHAEL RING FOR MEN", "action_flag": 2, "change_message": "[]"}}, {"model": "admin.logentry", "pk": 127, "fields": {"action_time": "2024-07-06T12:31:58.621Z", "user": 1, "content_type": 7, "object_id": "9", "object_repr": "AHUTI HEART RING", "action_flag": 2, "change_message": "[{\"changed\": {\"fields\": [\"Price\"]}}]"}}, {"model": "admin.logentry", "pk": 128, "fields": {"action_time": "2024-07-06T12:32:07.292Z", "user": 1, "content_type": 7, "object_id": "10", "object_repr": "EMBER RING", "action_flag": 2, "change_message": "[{\"changed\": {\"fields\": [\"Price\"]}}]"}}, {"model": "admin.logentry", "pk": 129, "fields": {"action_time": "2024-07-06T12:32:20.857Z", "user": 1, "content_type": 7, "object_id": "11", "object_repr": "ARIANWEN RING", "action_flag": 2, "change_message": "[{\"changed\": {\"fields\": [\"Price\"]}}]"}}, {"model": "admin.logentry", "pk": 130, "fields": {"action_time": "2024-07-06T12:32:25.190Z", "user": 1, "content_type": 7, "object_id": "12", "object_repr": "BLOSSOM RING", "action_flag": 2, "change_message": "[]"}}, {"model": "admin.logentry", "pk": 131, "fields": {"action_time": "2024-07-06T12:32:34.383Z", "user": 1, "content_type": 7, "object_id": "14", "object_repr": "KISMET RING", "action_flag": 2, "change_message": "[{\"changed\": {\"fields\": [\"Price\"]}}]"}}, {"model": "admin.logentry", "pk": 132, "fields": {"action_time": "2024-07-06T12:32:45.520Z", "user": 1, "content_type": 7, "object_id": "15", "object_repr": "ADDISON RING", "action_flag": 2, "change_message": "[{\"changed\": {\"fields\": [\"Price\"]}}]"}}, {"model": "admin.logentry", "pk": 133, "fields": {"action_time": "2024-07-06T13:16:58.247Z", "user": 1, "content_type": 9, "object_id": "1", "object_repr": "THE OM UNISEX PENDANT", "action_flag": 2, "change_message": "[{\"changed\": {\"fields\": [\"Price\", \"Liked by\"]}}]"}}, {"model": "admin.logentry", "pk": 134, "fields": {"action_time": "2024-07-06T13:17:05.429Z", "user": 1, "content_type": 9, "object_id": "2", "object_repr": "AMIRI PENDANT", "action_flag": 2, "change_message": "[{\"changed\": {\"fields\": [\"Price\"]}}]"}}, {"model": "admin.logentry", "pk": 135, "fields": {"action_time": "2024-07-06T13:17:13.678Z", "user": 1, "content_type": 9, "object_id": "3", "object_repr": "SWASTIK PENDANT", "action_flag": 2, "change_message": "[{\"changed\": {\"fields\": [\"Price\", \"Liked by\"]}}]"}}, {"model": "admin.logentry", "pk": 136, "fields": {"action_time": "2024-07-06T13:17:24.633Z", "user": 1, "content_type": 9, "object_id": "4", "object_repr": "OMKAR UNISEX PENDANT", "action_flag": 2, "change_message": "[{\"changed\": {\"fields\": [\"Price\"]}}]"}}, {"model": "admin.logentry", "pk": 137, "fields": {"action_time": "2024-07-06T13:17:32.569Z", "user": 1, "content_type": 9, "object_id": "5", "object_repr": "HEART CENTRIC PENDANT", "action_flag": 2, "change_message": "[{\"changed\": {\"fields\": [\"Price\", \"Liked by\"]}}]"}}, {"model": "admin.logentry", "pk": 138, "fields": {"action_time": "2024-07-06T13:17:40.779Z", "user": 1, "content_type": 9, "object_id": "6", "object_repr": "TEDDY PENDANT", "action_flag": 2, "change_message": "[{\"changed\": {\"fields\": [\"Price\", \"Liked by\"]}}]"}}, {"model": "admin.logentry", "pk": 139, "fields": {"action_time": "2024-07-06T13:17:46.283Z", "user": 1, "content_type": 9, "object_id": "5", "object_repr": "HEART CENTRIC PENDANT", "action_flag": 2, "change_message": "[]"}}, {"model": "admin.logentry", "pk": 140, "fields": {"action_time": "2024-07-06T13:17:55.346Z", "user": 1, "content_type": 9, "object_id": "7", "object_repr": "RADHYA HAMSA PENDANT", "action_flag": 2, "change_message": "[{\"changed\": {\"fields\": [\"Price\", \"Liked by\"]}}]"}}, {"model": "admin.logentry", "pk": 141, "fields": {"action_time": "2024-07-06T13:17:59.863Z", "user": 1, "content_type": 9, "object_id": "8", "object_repr": "INITIAL N PENDANT", "action_flag": 2, "change_message": "[]"}}, {"model": "admin.logentry", "pk": 142, "fields": {"action_time": "2024-07-06T13:18:06.604Z", "user": 1, "content_type": 9, "object_id": "9", "object_repr": "JENNA PENDANT", "action_flag": 2, "change_message": "[{\"changed\": {\"fields\": [\"Price\", \"Liked by\"]}}]"}}, {"model": "admin.logentry", "pk": 143, "fields": {"action_time": "2024-07-09T09:04:49.512Z", "user": 1, "content_type": 13, "object_id": "21", "object_repr": "Order #21", "action_flag": 2, "change_message": "[]"}}, {"model": "admin.logentry", "pk": 144, "fields": {"action_time": "2024-07-09T09:04:57.867Z", "user": 1, "content_type": 13, "object_id": "1", "object_repr": "Order #1", "action_flag": 2, "change_message": "[{\"changed\": {\"fields\": [\"Status\"]}}]"}}, {"model": "admin.logentry", "pk": 145, "fields": {"action_time": "2024-07-09T09:05:06.490Z", "user": 1, "content_type": 13, "object_id": "2", "object_repr": "Order #2", "action_flag": 2, "change_message": "[{\"changed\": {\"fields\": [\"Status\"]}}]"}}, {"model": "admin.logentry", "pk": 146, "fields": {"action_time": "2024-07-09T09:05:23.443Z", "user": 1, "content_type": 13, "object_id": "3", "object_repr": "Order #3", "action_flag": 2, "change_message": "[]"}}, {"model": "admin.logentry", "pk": 147, "fields": {"action_time": "2024-07-09T09:05:57.679Z", "user": 1, "content_type": 13, "object_id": "21", "object_repr": "Order #21", "action_flag": 2, "change_message": "[]"}}, {"model": "admin.logentry", "pk": 148, "fields": {"action_time": "2024-07-10T15:43:59.895Z", "user": 1, "content_type": 8, "object_id": "1", "object_repr": "OTTILIE BANGLE", "action_flag": 1, "change_message": "[{\"added\": {}}]"}}, {"model": "admin.logentry", "pk": 149, "fields": {"action_time": "2024-07-10T15:45:30.941Z", "user": 1, "content_type": 8, "object_id": "2", "object_repr": "ANTONIA BANGLE", "action_flag": 1, "change_message": "[{\"added\": {}}]"}}, {"model": "admin.logentry", "pk": 150, "fields": {"action_time": "2024-07-10T15:47:29.471Z", "user": 1, "content_type": 8, "object_id": "3", "object_repr": "TAYAH BANGLE", "action_flag": 1, "change_message": "[{\"added\": {}}]"}}, {"model": "admin.logentry", "pk": 151, "fields": {"action_time": "2024-07-10T15:49:07.358Z", "user": 1, "content_type": 8, "object_id": "4", "object_repr": "JENNIFER BANGLE", "action_flag": 1, "change_message": "[{\"added\": {}}]"}}, {"model": "admin.logentry", "pk": 152, "fields": {"action_time": "2024-07-10T15:50:39.349Z", "user": 1, "content_type": 8, "object_id": "5", "object_repr": "NAVIA BANGLE", "action_flag": 1, "change_message": "[{\"added\": {}}]"}}, {"model": "admin.logentry", "pk": 153, "fields": {"action_time": "2024-07-10T15:52:27.198Z", "user": 1, "content_type": 8, "object_id": "6", "object_repr": "JANET BANGLE", "action_flag": 1, "change_message": "[{\"added\": {}}]"}}, {"model": "admin.logentry", "pk": 154, "fields": {"action_time": "2024-07-10T15:53:55.276Z", "user": 1, "content_type": 8, "object_id": "7", "object_repr": "ISOLDE BANGLE", "action_flag": 1, "change_message": "[{\"added\": {}}]"}}, {"model": "admin.logentry", "pk": 155, "fields": {"action_time": "2024-07-10T15:55:58.585Z", "user": 1, "content_type": 8, "object_id": "8", "object_repr": "FENELLA BANGLE", "action_flag": 1, "change_message": "[{\"added\": {}}]"}}, {"model": "admin.logentry", "pk": 156, "fields": {"action_time": "2024-07-10T15:57:36.740Z", "user": 1, "content_type": 8, "object_id": "9", "object_repr": "JAZMINE BANGLE", "action_flag": 1, "change_message": "[{\"added\": {}}]"}}, {"model": "auth.user", "pk": 1, "fields": {"password": "pbkdf2_sha256$720000$ETMc9PrYIOA89CuZzddwsG$pS9FYhaRXe/1rG1UHhWkaaWPQHRhJlT5RboCnbtZrVs=", "last_login": "2024-07-19T17:16:03.346Z", "is_superuser": true, "username": "satyam", "first_name": "", "last_name": "", "email": "", "is_staff": true, "is_active": true, "date_joined": "2024-06-21T09:22:49.502Z", "groups": [], "user_permissions": []}}, {"model": "auth.user", "pk": 2, "fields": {"password": "pbkdf2_sha256$720000$1PKOVq7uMB1IAv05eSDkkz$/xZ086sC0v9NQDMEpQYwcZkSPdlpXQZu4ApF76Jm4o0=", "last_login": "2024-06-22T09:59:31.718Z", "is_superuser": false, "username": "shivan", "first_name": "", "last_name": "", "email": "shivan@940.com", "is_staff": false, "is_active": true, "date_joined": "2024-06-22T09:59:24.904Z", "groups": [], "user_permissions": []}}, {"model": "auth.user", "pk": 3, "fields": {"password": "pbkdf2_sha256$720000$Q0xccdE0jWO4DzGHArDw5P$3fxFHn+OZLA9wgfktEZvOhYC4gDLM+3tTvvoWD+0vJA=", "last_login": "2024-07-10T16:59:58.712Z", "is_superuser": false, "username": "sakshi", "first_name": "", "last_name": "", "email": "sakshi@google.com", "is_staff": false, "is_active": true, "date_joined": "2024-06-22T10:06:09.290Z", "groups": [], "user_permissions": []}}, {"model": "auth.user", "pk": 4, "fields": {"password": "pbkdf2_sha256$720000$nDBnBiANXuGua2ZLz0RF9J$VeoEXjWCO7UxKvDFf3F0IcZ2u1dij1XiRj7scXq6Nys=", "last_login": "2024-07-03T16:18:48.042Z", "is_superuser": false, "username": "car", "first_name": "", "last_name": "", "email": "weyad41593@picvw.com", "is_staff": false, "is_active": true, "date_joined": "2024-06-22T18:19:25.289Z", "groups": [], "user_permissions": []}}, {"model": "auth.user", "pk": 5, "fields": {"password": "pbkdf2_sha256$720000$AfQcLYnxtHVNVxFfVnjlWY$qi5plkWc4ytof5NMx95DMotpoUuYJNqlpuvyqidiVDk=", "last_login": "2024-07-04T10:01:10.768Z", "is_superuser": false, "username": "coco", "first_name": "", "last_name": "", "email": "coco@gmail.com", "is_staff": false, "is_active": true, "date_joined": "2024-07-04T10:01:04.631Z", "groups": [], "user_permissions": []}}, {"model": "auth.user", "pk": 6, "fields": {"password": "pbkdf2_sha256$720000$R7aI3RA6B6v921qRDFS425$uEb2B3FuY6HdccUZJwB/mPJ+d/G8lai3bqjBa/oYh4g=", "last_login": "2024-07-10T11:55:45.957Z", "is_superuser": false, "username": "mohit", "first_name": "", "last_name": "", "email": "mohit@google.com", "is_staff": false, "is_active": true, "date_joined": "2024-07-10T11:55:22.284Z", "groups": [], "user_permissions": []}}, {"model": "sessions.session", "pk": "0p1seqnublnvzdl94mz5p5oxn98ft458", "fields": {"session_data": ".eJxVjMsKwjAURP8lawnkxubh0r3fEHIfmqok0LSr4r_bQhe6GphzZlaV8jKXtHSZ0sjqopw6_XaY6SV1B_zM9dE0tTpPI-pd0Qft-tZY3tfD_TsouZdtDRaCyxC2JMMMgDj4KMTD3UYviOQcGIlkKAQO9uy8AZclWg_IQ1CfL9bXN4M:1sRVvG:FTTHs-eipu42UbQzfosPVLYP6MDElP5OWZwGmNluPF4", "expire_date": "2024-07-24T11:55:46.092Z"}}, {"model": "sessions.session", "pk": "1w5eunhm091b6vjiuymgbm829k25ka1k", "fields": {"session_data": ".eJxVjDsOwjAQBe_iGln-x6Gk5wzWbtaLA8iW4qRC3B0ipYD2zcx7iQTbWtLW85JmEmdhxel3Q5geue6A7lBvTU6trsuMclfkQbu8NsrPy-H-HRTo5VsHpyiayNoOFhE4DJozGq_ZEZsIkQNTZjWyd1ZHpgCokJUfOYLVSrw_8pc4aQ:1sRafe:Ouq0AeZTWEZ1vbBiEhQajXWVFzVH1lCqcD2h1XcSIsM", "expire_date": "2024-07-24T16:59:58.802Z"}}, {"model": "sessions.session", "pk": "25tkuyjcn5fxgn38049690jh3c2o8b2t", "fields": {"session_data": ".eJxVjMsOwiAQRf-FtSHDG1y69xsIDINUDU1KuzL-uzbpQrf3nHNfLKZtbXEbtMSpsDPT7PS75YQP6jso99RvM8e5r8uU-a7wgw5-nQs9L4f7d9DSaN9aBumkE0EJbYV1XiuDDmoFLa3PThgEC7LqkBQIoKxBEXppfPWCkIi9P4oiNlE:1sLM9l:ZNUMKgysyM2_Ua7XnANO4z8YnBK6Uq1IJSCFmp614ig", "expire_date": "2024-07-07T12:17:17.522Z"}}, {"model": "sessions.session", "pk": "2teibl0qt8sni1xtneimtdx9079ok8gl", "fields": {"session_data": ".eJxVjMsOwiAQRf-FtSHDG1y69xsIDINUDU1KuzL-uzbpQrf3nHNfLKZtbXEbtMSpsDPT7PS75YQP6jso99RvM8e5r8uU-a7wgw5-nQs9L4f7d9DSaN9aBumkE0EJbYV1XiuDDmoFLa3PThgEC7LqkBQIoKxBEXppfPWCkIi9P4oiNlE:1sN9Pw:DZbwk4TcdECS1wXOubA_bskompimuPm9iEufLibPABE", "expire_date": "2024-07-12T11:05:24.677Z"}}, {"model": "sessions.session", "pk": "4hhc773r13kpc3mqnci6ku0c52gg370u", "fields": {"session_data": ".eJxVjDsOwjAQBe_iGln-x6Gk5wzWbtaLA8iW4qRC3B0ipYD2zcx7iQTbWtLW85JmEmdhxel3Q5geue6A7lBvTU6trsuMclfkQbu8NsrPy-H-HRTo5VsHpyiayNoOFhE4DJozGq_ZEZsIkQNTZjWyd1ZHpgCokJUfOYLVSrw_8pc4aQ:1sKxdQ:mFLiuvdChNaLPSPokSYyox0MdXpefH2aCOhgyC0RoC8", "expire_date": "2024-07-06T10:06:16.110Z"}}, {"model": "sessions.session", "pk": "5of0lnu5fpv6tebctip4ofuwinaxqvjp", "fields": {"session_data": ".eJxVjDsOwjAQBe_iGln2-itKes5grb0LDiBbipMq4u4QKQW0b2beJhKuS03r4DlNJM4CxOl3y1ie3HZAD2z3LktvyzxluSvyoENeO_Hrcrh_BxVH_daRHOtYMoJTHHWhEPXNZ-UAsjPROwfWhmCK0kCFraXMyqIGz9boSOL9AdGfNy8:1sKxWt:zfqwxetBxkcz0hokN_wHar8HMERRh1lvQGmui2KWHXI", "expire_date": "2024-07-06T09:59:31.933Z"}}, {"model": "sessions.session", "pk": "6r79db9omse0hwel8injs7xturwh71k8", "fields": {"session_data": ".eJxVjMsOwiAQRf-FtSHDG1y69xsIDINUDU1KuzL-uzbpQrf3nHNfLKZtbXEbtMSpsDPT7PS75YQP6jso99RvM8e5r8uU-a7wgw5-nQs9L4f7d9DSaN9aBumkE0EJbYV1XiuDDmoFLa3PThgEC7LqkBQIoKxBEXppfPWCkIi9P4oiNlE:1sL5Kl:G4qrFe9wahC6LXnmQWTRsH98So7RNv7gzRbYyW-X1Eg", "expire_date": "2024-07-06T18:19:31.129Z"}}, {"model": "sessions.session", "pk": "6su7dikl2aselj9xm3z967ajgjmhrc1v", "fields": {"session_data": ".eJxVjDsOwjAQBe_iGln-x6Gk5wzWbtaLA8iW4qRC3B0ipYD2zcx7iQTbWtLW85JmEmdhxel3Q5geue6A7lBvTU6trsuMclfkQbu8NsrPy-H-HRTo5VsHpyiayNoOFhE4DJozGq_ZEZsIkQNTZjWyd1ZHpgCokJUfOYLVSrw_8pc4aQ:1sR6wD:uDhM0oCuYPbheqVsZTiFIZkgG9wdO0EU6Cw6xRa5QdQ", "expire_date": "2024-07-23T09:15:05.384Z"}}, {"model": "sessions.session", "pk": "70hwqyusx59vvhk80dn0sc46ygap48yb", "fields": {"session_data": ".eJxVjDsOwjAQBe_iGln-x6Gk5wzWbtaLA8iW4qRC3B0ipYD2zcx7iQTbWtLW85JmEmdhxel3Q5geue6A7lBvTU6trsuMclfkQbu8NsrPy-H-HRTo5VsHpyiayNoOFhE4DJozGq_ZEZsIkQNTZjWyd1ZHpgCokJUfOYLVSrw_8pc4aQ:1sL4rM:PIvcjUUywrch_xgN9jROGU75Tr7b0P8YUJTQkfSBIIU", "expire_date": "2024-07-06T17:49:08.191Z"}}, {"model": "sessions.session", "pk": "8yc24jhediori45c50xn37vj8u80q19h", "fields": {"session_data": ".eJxVjMsOwiAQRf-FtSHDG1y69xsIDINUDU1KuzL-uzbpQrf3nHNfLKZtbXEbtMSpsDPT7PS75YQP6jso99RvM8e5r8uU-a7wgw5-nQs9L4f7d9DSaN9aBumkE0EJbYV1XiuDDmoFLa3PThgEC7LqkBQIoKxBEXppfPWCkIi9P4oiNlE:1sMs2D:xVtqQSkfQTiwUsdrf339SJWMWTEFkdhJjhuzkxfopOE", "expire_date": "2024-07-11T16:31:45.639Z"}}, {"model": "sessions.session", "pk": "hv8b3u8dsueku8gmaefh6pi95ztsro6c", "fields": {"session_data": ".eJxVjDsOwjAQBe_iGllO_KekzxmsXXuNA8iW4qRC3J1ESgHtzLz3ZgG2tYSt0xLmxK5Ms8svQ4hPqodID6j3xmOr6zIjPxJ-2s6nluh1O9u_gwK97GsjnNE-Y45gstReWEEITu08WvJ5FEr4DDI6nQaybhzQkkWpSXkf0bHPF96qN8U:1sPJH4:PPOw5emZ9ouR14nOOjaNI19-cEa91QeqXSUgfoXMp48", "expire_date": "2024-07-18T10:01:10.868Z"}}, {"model": "sessions.session", "pk": "i0exxetrzzbmf9e9u4450uq31vy0vdgf", "fields": {"session_data": ".eJxVjMsOwiAQRf-FtSHDG1y69xsIDINUDU1KuzL-uzbpQrf3nHNfLKZtbXEbtMSpsDPT7PS75YQP6jso99RvM8e5r8uU-a7wgw5-nQs9L4f7d9DSaN9aBumkE0EJbYV1XiuDDmoFLa3PThgEC7LqkBQIoKxBEXppfPWCkIi9P4oiNlE:1sMrve:z5VjgpofZwnz5HtLCxy5WnChUoNGMgcW_qKaxgiiJs0", "expire_date": "2024-07-11T16:24:58.704Z"}}, {"model": "sessions.session", "pk": "iuifj9jm24bjxwq3xupr1g59vvgyhhho", "fields": {"session_data": ".eJxVjMsOgjAUBf-la9NwCy3i0j3f0NxXLWpKQmFl_HclYaHbMzPnZSJua45b1SVOYi4GzOl3I-SHlh3IHctttjyXdZnI7oo9aLXjLPq8Hu7fQcaav7UGTIm9gut6aLDRhnAgr51zPjkggBDYQ8tAvXSCnJIEOAdEN0hPrXl_APZDOHA:1sNAAi:HN563Y2SM-RuoWm7sUY4HqXec5cyq5y2qKXKjZDez98", "expire_date": "2024-07-12T11:53:44.221Z"}}, {"model": "sessions.session", "pk": "jefur83qmargfr5gpt8a9i86twdk4il4", "fields": {"session_data": ".eJxVjDsOwjAQBe_iGln-x6Gk5wzWbtaLA8iW4qRC3B0ipYD2zcx7iQTbWtLW85JmEmdhxel3Q5geue6A7lBvTU6trsuMclfkQbu8NsrPy-H-HRTo5VsHpyiayNoOFhE4DJozGq_ZEZsIkQNTZjWyd1ZHpgCokJUfOYLVSrw_8pc4aQ:1sQSfQ:movXjuGobGFLqtIS8RqaE2bBFl0bnArru3Q1oZVHuoo", "expire_date": "2024-07-21T14:15:04.349Z"}}, {"model": "sessions.session", "pk": "jyxbtwcqd2mur2gv1lip4i9k8jtwness", "fields": {"session_data": ".eJxVjDsOwjAQBe_iGln-x6Gk5wzWbtaLA8iW4qRC3B0ipYD2zcx7iQTbWtLW85JmEmdhxel3Q5geue6A7lBvTU6trsuMclfkQbu8NsrPy-H-HRTo5VsHpyiayNoOFhE4DJozGq_ZEZsIkQNTZjWyd1ZHpgCokJUfOYLVSrw_8pc4aQ:1sN9jJ:IddtfF01-ABcns8YCSCB-XX_gIMfWUQSg6-b2P6sYYw", "expire_date": "2024-07-12T11:25:25.102Z"}}, {"model": "sessions.session", "pk": "kw5a0n38b5hc610fie0ea06zw7iecmgc", "fields": {"session_data": ".eJxVjMsOgjAUBf-la9NwCy3i0j3f0NxXLWpKQmFl_HclYaHbMzPnZSJua45b1SVOYi4GzOl3I-SHlh3IHctttjyXdZnI7oo9aLXjLPq8Hu7fQcaav7UGTIm9gut6aLDRhnAgr51zPjkggBDYQ8tAvXSCnJIEOAdEN0hPrXl_APZDOHA:1sSaBZ:U2cLA242x1qX8hBqgY0wbOu54Henw9jG8WtHL3TZda4", "expire_date": "2024-07-27T10:41:01.664Z"}}, {"model": "sessions.session", "pk": "see96t2x2pfd8fcq3c2ait9a2f3tzpj8", "fields": {"session_data": ".eJxVjMsOwiAQRf-FtSHDG1y69xsIDINUDU1KuzL-uzbpQrf3nHNfLKZtbXEbtMSpsDPT7PS75YQP6jso99RvM8e5r8uU-a7wgw5-nQs9L4f7d9DSaN9aBumkE0EJbYV1XiuDDmoFLa3PThgEC7LqkBQIoKxBEXppfPWCkIi9P4oiNlE:1sL5V5:VPVnrL0374F-CDS9sD_vTQSkVAqeOfWQ9ieMUXdd__Q", "expire_date": "2024-07-06T18:30:11.417Z"}}, {"model": "sessions.session", "pk": "tdemb57m52akpm8nsu6mj1e51h4bzj6r", "fields": {"session_data": ".eJxVjMsOwiAQRf-FtSHDG1y69xsIDINUDU1KuzL-uzbpQrf3nHNfLKZtbXEbtMSpsDPT7PS75YQP6jso99RvM8e5r8uU-a7wgw5-nQs9L4f7d9DSaN9aBumkE0EJbYV1XiuDDmoFLa3PThgEC7LqkBQIoKxBEXppfPWCkIi9P4oiNlE:1sP2gy:7BCERhxBo_n60ZBOKaICRebyCR4b7g0srTi8rl0KngQ", "expire_date": "2024-07-17T16:18:48.129Z"}}, {"model": "sessions.session", "pk": "ugw3kpau7zg5o1jwdi8rxylef3s1xoke", "fields": {"session_data": ".eJxVjMsOwiAQRf-FtSHDG1y69xsIDINUDU1KuzL-uzbpQrf3nHNfLKZtbXEbtMSpsDPT7PS75YQP6jso99RvM8e5r8uU-a7wgw5-nQs9L4f7d9DSaN9aBumkE0EJbYV1XiuDDmoFLa3PThgEC7LqkBQIoKxBEXppfPWCkIi9P4oiNlE:1sN9hB:OL7HDYZek69museUgXMoW5sC7BjlLGLgJjYxhAGAMyA", "expire_date": "2024-07-12T11:23:13.158Z"}}, {"model": "sessions.session", "pk": "ve0qco0pdatm42pn3h8cmz6wip8x27ga", "fields": {"session_data": ".eJxVjMsOwiAQRf-FtSHDG1y69xsIDINUDU1KuzL-uzbpQrf3nHNfLKZtbXEbtMSpsDPT7PS75YQP6jso99RvM8e5r8uU-a7wgw5-nQs9L4f7d9DSaN9aBumkE0EJbYV1XiuDDmoFLa3PThgEC7LqkBQIoKxBEXppfPWCkIi9P4oiNlE:1sNAGl:zWVU0eJYrU9utBH-xT7iQS0Hu5iaUrL7_rFUZ6e6WTY", "expire_date": "2024-07-12T11:59:59.895Z"}}, {"model": "sessions.session", "pk": "xpu6hx1qpt5qyxak38goqcs9ekzhhcpi", "fields": {"session_data": ".eJxVjDsOwjAQBe_iGlne-BtKes5g7a7XOIASKZ8KcXeIlALaNzPvpTJua8vbInMeijorUKffjZAfMu6g3HG8TZqncZ0H0ruiD7ro61TkeTncv4OGS_vWJghhjFwgGJ-wWh-4gsHgwBUXxdnIBEIdBU6W-uItd9JhipV7MKDeH-eQN_E:1sUrD9:QZ9tlTpYH7up6KE8M50UboTnrerziAGNU6HwPwlnqkM", "expire_date": "2024-08-02T17:16:03.431Z"}}, {"model": "shop.ring", "pk": 1, "fields": {"name": "YALINI RING", "price": "600.00", "image": "images/2.jpg", "image_hover": "images/2_kHB97NV.jpg", "description": "The Yalini Ring is an exquisite piece that combines timeless elegance with modern sophistication. Crafted with precision, this ring features a stunning centerpiece gemstone surrounded by delicate accents, making it a perfect choice for any special occasion or as a statement of everyday luxury.", "stock": 10, "like_count": 43, "liked_by": [1, 2, 3, 4, 6]}}, {"model": "shop.ring", "pk": 2, "fields": {"name": "CERYS RING", "price": "769.00", "image": "images/3.jpg", "image_hover": "images/3_pJqrW3a.jpg", "description": "The Cerys Ring exudes a graceful charm with its captivating design. Highlighted by a radiant central gemstone, this ring is adorned with intricate detailing that enhances its allure. Ideal for those who appreciate refined beauty, the Cerys Ring is a symbol of elegance and sophistication.", "stock": 10, "like_count": 1, "liked_by": [1]}}, {"model": "shop.ring", "pk": 3, "fields": {"name": "DELFINA RING", "price": "699.00", "image": "images/4.jpg", "image_hover": "images/4_OULPbeb.jpg", "description": "The Delfina Ring captures the essence of oceanic beauty with its mesmerizing design. Featuring a luminous central gemstone reminiscent of sparkling waters, this ring is adorned with intricate waves of silver or gold, creating a captivating reflection of nature's serenity. Perfect for those who cherish the allure of the sea, the Delfina Ring is a stunning piece that evokes a sense of tranquility and elegance.", "stock": 10, "like_count": 1, "liked_by": [1, 4]}}, {"model": "shop.ring", "pk": 4, "fields": {"name": "NATALINA RING", "price": "900.00", "image": "images/5.jpg", "image_hover": "images/5_0JwLh3q.jpg", "description": "The Natalina Ring epitomizes timeless grace and sophistication. Its centerpiece gemstone, surrounded by a halo of sparkling diamonds or intricate metalwork, exudes elegance and refinement. Perfect for special occasions or as a cherished everyday accessory, the Natalina Ring radiates beauty and luxury, making it a captivating addition to any jewelry collection.", "stock": 10, "like_count": 1, "liked_by": [4]}}, {"model": "shop.ring", "pk": 5, "fields": {"name": "ALIYAH RING", "price": "669.00", "image": "images/6.jpg", "image_hover": "images/6_FsQ5vzP.jpg", "description": "bbrhrhrhr", "stock": 10, "like_count": 1, "liked_by": [1, 3]}}, {"model": "shop.ring", "pk": 6, "fields": {"name": "YASHITA RING", "price": "675.00", "image": "images/7.jpg", "image_hover": "images/7_t4lNCjw.jpg", "description": "sbdbdb", "stock": 10, "like_count": 1, "liked_by": [1, 4]}}, {"model": "shop.ring", "pk": 7, "fields": {"name": "GRACIA RING", "price": "699.00", "image": "images/8.jpg", "image_hover": "images/8_COaB84i.jpg", "description": "hbhbg", "stock": 10, "like_count": 1, "liked_by": [1, 4]}}, {"model": "shop.ring", "pk": 8, "fields": {"name": "MICHAEL RING FOR MEN", "price": "874.00", "image": "images/9.jpg", "image_hover": "images/9_EmTopMW.jpg", "description": "jfjjfnjfn", "stock": 10, "like_count": 0, "liked_by": [4]}}, {"model": "shop.ring", "pk": 9, "fields": {"name": "AHUTI HEART RING", "price": "599.00", "image": "images/1.jpg", "image_hover": "images/1_3qa1BmA.jpg", "description": "good", "stock": 10, "like_count": 0, "liked_by": [2]}}, {"model": "shop.ring", "pk": 10, "fields": {"name": "EMBER RING", "price": "837.00", "image": "images/10.jpg", "image_hover": "images/10_lgR0NSZ.jpg", "description": "nice", "stock": 10, "like_count": 0, "liked_by": [3]}}, {"model": "shop.ring", "pk": 11, "fields": {"name": "ARIANWEN RING", "price": "675.00", "image": "images/11.jpg", "image_hover": "images/11_4XUHzxj.jpg", "description": "good", "stock": 10, "like_count": 0, "liked_by": [4]}}, {"model": "shop.ring", "pk": 12, "fields": {"name": "BLOSSOM RING", "price": "736.00", "image": "images/12.jpg", "image_hover": "images/12_2pB97w3.jpg", "description": "goof", "stock": 10, "like_count": 0, "liked_by": [4]}}, {"model": "shop.ring", "pk": 13, "fields": {"name": "BETHAN RING", "price": "765.00", "image": "images/13.jpg", "image_hover": "images/13_iNMJgIH.jpg", "description": "good", "stock": 10, "like_count": 0, "liked_by": [4]}}, {"model": "shop.ring", "pk": 14, "fields": {"name": "KISMET RING", "price": "545.00", "image": "images/14.jpg", "image_hover": "images/14_z0BqDS6.jpg", "description": "good", "stock": 10, "like_count": 0, "liked_by": [4]}}, {"model": "shop.ring", "pk": 15, "fields": {"name": "ADDISON RING", "price": "550.00", "image": "images/15.jpg", "image_hover": "images/15_NZUguqC.jpg", "description": "jh", "stock": 10, "like_count": 0, "liked_by": [4]}}, {"model": "shop.necklace", "pk": 1, "fields": {"name": "THE OM UNISEX PENDANT", "price": "600.00", "image": "image/1.jpg", "image_hover": "images/1_UQsL2QK.jpg", "description": "kjfkjfk", "stock": 10, "like_count": 0, "liked_by": [5]}}, {"model": "shop.necklace", "pk": 2, "fields": {"name": "AMIRI PENDANT", "price": "847.00", "image": "image/2.jpg", "image_hover": "images/2_8MKExiB.jpg", "description": "emr", "stock": 10, "like_count": 1, "liked_by": [1]}}, {"model": "shop.necklace", "pk": 3, "fields": {"name": "SWASTIK PENDANT", "price": "857.00", "image": "image/3.jpg", "image_hover": "images/3_s3sH7AU.jpg", "description": "jehjrj", "stock": 10, "like_count": 0, "liked_by": [3]}}, {"model": "shop.necklace", "pk": 4, "fields": {"name": "OMKAR UNISEX PENDANT", "price": "746.00", "image": "image/4.jpg", "image_hover": "images/4_Ex5RkUE.jpg", "description": "nrnnrnr", "stock": 10, "like_count": 0, "liked_by": [1]}}, {"model": "shop.necklace", "pk": 5, "fields": {"name": "HEART CENTRIC PENDANT", "price": "778.00", "image": "image/5.jpg", "image_hover": "images/5_NLwAlgR.jpg", "description": "jnfjngj", "stock": 10, "like_count": 1, "liked_by": [1, 3]}}, {"model": "shop.necklace", "pk": 6, "fields": {"name": "TEDDY PENDANT", "price": "488.00", "image": "image/6.jpg", "image_hover": "images/6_XyGxcAZ.jpg", "description": "jnjnjn", "stock": 10, "like_count": 0, "liked_by": [3]}}, {"model": "shop.necklace", "pk": 7, "fields": {"name": "RADHYA HAMSA PENDANT", "price": "849.00", "image": "image/7.jpg", "image_hover": "images/7_5HUs7WC.jpg", "description": "njnjnjt", "stock": 10, "like_count": 0, "liked_by": [1]}}, {"model": "shop.necklace", "pk": 8, "fields": {"name": "INITIAL N PENDANT", "price": "747.00", "image": "image/8.jpg", "image_hover": "images/8_Hp0wvZR.jpg", "description": "jnjntjnt", "stock": 10, "like_count": 1, "liked_by": [1]}}, {"model": "shop.necklace", "pk": 9, "fields": {"name": "JENNA PENDANT", "price": "748.00", "image": "image/9.jpg", "image_hover": "images/9_pjMQzNS.jpg", "description": "kfmkmf", "stock": 10, "like_count": 0, "liked_by": [1]}}, {"model": "shop.bangles", "pk": 1, "fields": {"name": "OTTILIE BANGLE", "price": "700.00", "image": "image/1_jcgVbOf.jpg", "image_hover": "images/1_JXVM5HY.jpg", "description": "goof", "stock": 10, "like_count": 0, "liked_by": []}}, {"model": "shop.bangles", "pk": 2, "fields": {"name": "ANTONIA BANGLE", "price": "1000.00", "image": "image/2_xfnzCOR.jpg", "image_hover": "images/2_mJW9fWD.jpg", "description": "good", "stock": 10, "like_count": 0, "liked_by": []}}, {"model": "shop.bangles", "pk": 3, "fields": {"name": "TAYAH BANGLE", "price": "876.00", "image": "image/3_MG4C06f.jpg", "image_hover": "images/3_0BYKlzt.jpg", "description": "gfo", "stock": 10, "like_count": 1, "liked_by": [1]}}, {"model": "shop.bangles", "pk": 4, "fields": {"name": "JENNIFER BANGLE", "price": "987.00", "image": "image/4_SrfxwAa.jpg", "image_hover": "images/4_GC1eYvc.jpg", "description": "good", "stock": 10, "like_count": 0, "liked_by": []}}, {"model": "shop.bangles", "pk": 5, "fields": {"name": "NAVIA BANGLE", "price": "699.00", "image": "image/5_pl365GN.jpg", "image_hover": "images/5_6xHlswO.jpg", "description": "good", "stock": 10, "like_count": 0, "liked_by": []}}, {"model": "shop.bangles", "pk": 6, "fields": {"name": "JANET BANGLE", "price": "999.00", "image": "image/6_3JsRnLk.jpg", "image_hover": "images/6_vaAKF5c.jpg", "description": "good", "stock": 10, "like_count": 0, "liked_by": []}}, {"model": "shop.bangles", "pk": 7, "fields": {"name": "ISOLDE BANGLE", "price": "999.00", "image": "image/7_CFYDQ4T.jpg", "image_hover": "images/7_HF9jql1.jpg", "description": "good", "stock": 10, "like_count": 0, "liked_by": []}}, {"model": "shop.bangles", "pk": 8, "fields": {"name": "FENELLA BANGLE", "price": "799.00", "image": "image/8_Vi0Ujzs.jpg", "image_hover": "images/8_pbAWEy1.jpg", "description": "good", "stock": 10, "like_count": 0, "liked_by": []}}, {"model": "shop.bangles", "pk": 9, "fields": {"name": "JAZMINE BANGLE", "price": "799.00", "image": "image/9_WGfwCTe.jpg", "image_hover": "images/9_xEx5FE2.jpg", "description": "good", "stock": 10, "like_count": 0, "liked_by": []}}, {"model": "shop.cartitem", "pk": 90, "fields": {"user": 3, "content_type": 7, "object_id": 1, "quantity": 1}}, {"model": "shop.review_ring", "pk": 1, "fields": {"product": 1, "user": 1, "rating": 5, "comment": "This very good", "create_at": "2024-06-27T15:50:58.572Z"}}, {"model": "shop.review_ring", "pk": 2, "fields": {"product": 1, "user": 1, "rating": 2, "comment": "good", "create_at": "2024-06-27T15:53:32.668Z"}}, {"model": "shop.review_ring", "pk": 3, "fields": {"product": 1, "user": 1, "rating": 2, "comment": "good", "create_at": "2024-06-27T15:54:39.270Z"}}, {"model": "shop.review_ring", "pk": 4, "fields": {"product": 1, "user": 1, "rating": 2, "comment": "good", "create_at": "2024-06-27T15:54:40.352Z"}}, {"model": "shop.review_ring", "pk": 5, "fields": {"product": 1, "user": 1, "rating": 5, "comment": "gdd", "create_at": "2024-06-27T15:59:27.606Z"}}, {"model": "shop.review_ring", "pk": 6, "fields": {"product": 1, "user": 1, "rating": 5, "comment": "gdd", "create_at": "2024-06-27T16:12:10.959Z"}}, {"model": "shop.review_ring", "pk": 7, "fields": {"product": 1, "user": 1, "rating": 5, "comment": "gdd", "create_at": "2024-06-27T16:12:25.501Z"}}, {"model": "shop.review_ring", "pk": 8, "fields": {"product": 1, "user": 1, "rating": 5, "comment": "gdd", "create_at": "2024-06-27T16:12:51.457Z"}}, {"model": "shop.review_ring", "pk": 9, "fields": {"product": 1, "user": 1, "rating": 5, "comment": "gdd", "create_at": "2024-06-27T16:12:58.658Z"}}, {"model": "shop.review_ring", "pk": 10, "fields": {"product": 1, "user": 1, "rating": 5, "comment": "gdd", "create_at": "2024-06-27T16:13:06.052Z"}}, {"model": "shop.review_ring", "pk": 11, "fields": {"product": 1, "user": 1, "rating": 5, "comment": "gdd", "create_at": "2024-06-27T16:13:14.839Z"}}, {"model": "shop.review_ring", "pk": 12, "fields": {"product": 1, "user": 1, "rating": 5, "comment": "gdd", "create_at": "2024-06-27T16:13:22.850Z"}}, {"model": "shop.review_ring", "pk": 13, "fields": {"product": 1, "user": 1, "rating": 5, "comment": "gdd", "create_at": "2024-06-27T16:13:27.124Z"}}, {"model": "shop.review_ring", "pk": 14, "fields": {"product": 1, "user": 4, "rating": 4, "comment": "good", "create_at": "2024-06-27T16:25:47.485Z"}}, {"model": "shop.review_ring", "pk": 15, "fields": {"product": 1, "user": 4, "rating": 4, "comment": "good", "create_at": "2024-06-27T16:29:11.531Z"}}, {"model": "shop.review_ring", "pk": 16, "fields": {"product": 1, "user": 4, "rating": 4, "comment": "good", "create_at": "2024-06-27T16:29:20.685Z"}}, {"model": "shop.review_ring", "pk": 17, "fields": {"product": 1, "user": 4, "rating": 4, "comment": "good", "create_at": "2024-06-27T16:29:28.634Z"}}, {"model": "shop.review_ring", "pk": 18, "fields": {"product": 1, "user": 4, "rating": 4, "comment": "good", "create_at": "2024-06-27T16:29:38.577Z"}}, {"model": "shop.review_ring", "pk": 19, "fields": {"product": 1, "user": 4, "rating": 4, "comment": "good", "create_at": "2024-06-27T16:29:45.641Z"}}, {"model": "shop.review_ring", "pk": 20, "fields": {"product": 1, "user": 4, "rating": 4, "comment": "good", "create_at": "2024-06-27T16:29:50.665Z"}}, {"model": "shop.review_ring", "pk": 21, "fields": {"product": 1, "user": 4, "rating": 4, "comment": "good", "create_at": "2024-06-27T16:34:05.108Z"}}, {"model": "shop.review_ring", "pk": 22, "fields": {"product": 1, "user": 4, "rating": 4, "comment": "good", "create_at": "2024-06-27T16:34:31.526Z"}}, {"model": "shop.review_ring", "pk": 23, "fields": {"product": 1, "user": 1, "rating": 1, "comment": "2", "create_at": "2024-06-27T16:34:56.763Z"}}, {"model": "shop.review_ring", "pk": 24, "fields": {"product": 1, "user": 1, "rating": 1, "comment": "2", "create_at": "2024-06-27T16:36:14.056Z"}}, {"model": "shop.review_ring", "pk": 25, "fields": {"product": 1, "user": 1, "rating": 2, "comment": "f", "create_at": "2024-06-27T16:36:39.642Z"}}, {"model": "shop.review_ring", "pk": 26, "fields": {"product": 1, "user": 1, "rating": 5, "comment": "very good", "create_at": "2024-07-01T18:07:17.505Z"}}, {"model": "shop.review_ring", "pk": 27, "fields": {"product": 1, "user": 1, "rating": 5, "comment": "verryy niceeeeeeee", "create_at": "2024-07-01T18:18:33.350Z"}}, {"model": "shop.review_ring", "pk": 28, "fields": {"product": 1, "user": 1, "rating": 5, "comment": "sdhfbhfb", "create_at": "2024-07-01T18:18:52.694Z"}}, {"model": "shop.review_ring", "pk": 29, "fields": {"product": 1, "user": 1, "rating": 4, "comment": "sdjebfkjbejkfbejkfbjrg", "create_at": "2024-07-01T18:20:20.408Z"}}, {"model": "shop.review_ring", "pk": 30, "fields": {"product": 1, "user": 1, "rating": 4, "comment": "this very good ring", "create_at": "2024-07-03T17:59:30.236Z"}}, {"model": "shop.review_ring", "pk": 31, "fields": {"product": 1, "user": 1, "rating": 5, "comment": "sdbahbfbfbfbfb", "create_at": "2024-07-03T18:56:40.414Z"}}, {"model": "shop.review_ring", "pk": 32, "fields": {"product": 1, "user": 1, "rating": 2, "comment": "testing", "create_at": "2024-07-03T18:57:23.988Z"}}, {"model": "shop.review_ring", "pk": 33, "fields": {"product": 1, "user": 1, "rating": 2, "comment": "testing", "create_at": "2024-07-03T19:00:44.397Z"}}, {"model": "shop.review_ring", "pk": 34, "fields": {"product": 1, "user": 1, "rating": 2, "comment": "e", "create_at": "2024-07-03T19:01:20.755Z"}}, {"model": "shop.review_ring", "pk": 35, "fields": {"product": 1, "user": 1, "rating": 2, "comment": "testing", "create_at": "2024-07-03T19:03:22.874Z"}}, {"model": "shop.review_ring", "pk": 36, "fields": {"product": 1, "user": 1, "rating": 3, "comment": "jbdjbfjbf", "create_at": "2024-07-03T19:13:27.775Z"}}, {"model": "shop.review_ring", "pk": 37, "fields": {"product": 1, "user": 1, "rating": 2, "comment": "okokokokok", "create_at": "2024-07-03T19:16:22.522Z"}}, {"model": "shop.review_ring", "pk": 38, "fields": {"product": 1, "user": 1, "rating": 4, "comment": "ring is very nice", "create_at": "2024-07-04T09:33:44.221Z"}}, {"model": "shop.review_ring", "pk": 39, "fields": {"product": 5, "user": 1, "rating": 4, "comment": "very nice desgin", "create_at": "2024-07-04T09:52:52.407Z"}}, {"model": "shop.review_ring", "pk": 40, "fields": {"product": 5, "user": 1, "rating": 3, "comment": "nice", "create_at": "2024-07-04T09:57:04.084Z"}}, {"model": "shop.review_ring", "pk": 41, "fields": {"product": 5, "user": 1, "rating": 8, "comment": "this is very good ring", "create_at": "2024-07-04T09:57:19.843Z"}}, {"model": "shop.review_ring", "pk": 42, "fields": {"product": 2, "user": 1, "rating": 7, "comment": "good", "create_at": "2024-07-04T09:59:39.895Z"}}, {"model": "shop.review_ring", "pk": 43, "fields": {"product": 6, "user": 5, "rating": 4, "comment": "good", "create_at": "2024-07-04T10:02:47.834Z"}}, {"model": "shop.review_ring", "pk": 44, "fields": {"product": 6, "user": 1, "rating": 4, "comment": "nice", "create_at": "2024-07-06T12:39:34.905Z"}}, {"model": "shop.review_ring", "pk": 45, "fields": {"product": 1, "user": 6, "rating": 3, "comment": "good", "create_at": "2024-07-10T12:04:46.875Z"}}, {"model": "shop.review_necklace", "pk": 1, "fields": {"product": 2, "user": 1, "rating": 4, "comment": "good", "created_at": "2024-07-02T08:37:45.518Z"}}, {"model": "shop.review_necklace", "pk": 2, "fields": {"product": 2, "user": 1, "rating": 3, "comment": "godnd", "created_at": "2024-07-02T08:38:04.260Z"}}, {"model": "shop.review_necklace", "pk": 3, "fields": {"product": 2, "user": 1, "rating": 5, "comment": "very nice", "created_at": "2024-07-02T08:42:22.032Z"}}, {"model": "shop.review_necklace", "pk": 4, "fields": {"product": 2, "user": 1, "rating": 3, "comment": "dddd", "created_at": "2024-07-02T08:48:25.020Z"}}, {"model": "shop.review_necklace", "pk": 5, "fields": {"product": 1, "user": 1, "rating": 3, "comment": "d", "created_at": "2024-07-02T17:08:45.801Z"}}, {"model": "shop.review_necklace", "pk": 6, "fields": {"product": 1, "user": 1, "rating": 3, "comment": "good", "created_at": "2024-07-02T17:09:46.211Z"}}, {"model": "shop.review_necklace", "pk": 7, "fields": {"product": 5, "user": 1, "rating": 4, "comment": "good", "created_at": "2024-07-04T10:20:55.254Z"}}, {"model": "shop.review_necklace", "pk": 8, "fields": {"product": 1, "user": 1, "rating": 2, "comment": "eeeee", "created_at": "2024-07-04T10:52:39.225Z"}}, {"model": "shop.review_necklace", "pk": 9, "fields": {"product": 1, "user": 1, "rating": 1, "comment": "222", "created_at": "2024-07-04T10:52:53.381Z"}}, {"model": "shop.review_necklace", "pk": 10, "fields": {"product": 1, "user": 1, "rating": 3, "comment": "final test", "created_at": "2024-07-04T11:12:25.814Z"}}, {"model": "shop.review_necklace", "pk": 11, "fields": {"product": 1, "user": 1, "rating": 3, "comment": "okkkkkkkk", "created_at": "2024-07-04T11:12:40.113Z"}}, {"model": "shop.review_necklace", "pk": 12, "fields": {"product": 5, "user": 3, "rating": 5, "comment": "noob", "created_at": "2024-07-10T17:00:28.249Z"}}, {"model": "shop.review_bangle", "pk": 1, "fields": {"product": 3, "user": 1, "rating": 2, "comment": "testing", "created_at": "2024-07-11T07:53:56.274Z"}}, {"model": "shop.review_bangle", "pk": 2, "fields": {"product": 3, "user": 1, "rating": 2, "comment": "testing", "created_at": "2024-07-11T07:55:14.845Z"}}, {"model": "shop.review_bangle", "pk": 3, "fields": {"product": 3, "user": 1, "rating": 2, "comment": "testing", "created_at": "2024-07-11T07:55:18.920Z"}}, {"model": "shop.review_bangle", "pk": 4, "fields": {"product": 3, "user": 1, "rating": 2, "comment": "testing", "created_at": "2024-07-11T08:07:14.167Z"}}, {"model": "shop.order", "pk": 1, "fields": {"user": 1, "total_amount": "18.22", "razorpay_order_id": null, "address": "Paras Ram Nagar Gali No 32A", "email": "mkmishra940@gmail.com", "phone_number": "07009651446", "tax_amount": "0.00", "store_pickup": "0.00", "discount": "0.00", "final_amount": "0.00", "created_at": "2024-07-07T12:28:59.138Z", "city": "null", "state": "null", "name": "null", "status": "Confirmed"}}, {"model": "shop.order", "pk": 2, "fields": {"user": 1, "total_amount": "18.22", "razorpay_order_id": null, "address": "Paras Ram Nagar Gali No 32A", "email": "mkmishra940@gmail.com", "phone_number": "07009651446", "tax_amount": "0.00", "store_pickup": "0.00", "discount": "0.00", "final_amount": "0.00", "created_at": "2024-07-07T12:31:56.059Z", "city": "null", "state": "null", "name": "null", "status": "Confirmed"}}, {"model": "shop.order", "pk": 3, "fields": {"user": 1, "total_amount": "1925.35", "razorpay_order_id": "order_OVlL8hJx2FgmWI", "address": "Paras Ram Nagar Gali No 32A", "email": "mkmishra940@gmail.com", "phone_number": "07009651446", "tax_amount": "108.35", "store_pickup": "150.00", "discount": "500.00", "final_amount": "1925.35", "created_at": "2024-07-07T13:42:17.281Z", "city": "Bathinda", "state": "Punjab", "name": "null", "status": "Cancelled"}}, {"model": "shop.order", "pk": 4, "fields": {"user": 1, "total_amount": "2732.80", "razorpay_order_id": "order_OVlV1HratSNBJE", "address": "Paras Ram Nagar Gali No 32A", "email": "mkmishra940@gmail.com", "phone_number": "07009651446", "tax_amount": "146.80", "store_pickup": "150.00", "discount": "500.00", "final_amount": "2732.80", "created_at": "2024-07-07T13:51:38.480Z", "city": "Bathinda", "state": "Punjab", "name": "null", "status": "Cancelled"}}, {"model": "shop.order", "pk": 5, "fields": {"user": 1, "total_amount": "2732.80", "razorpay_order_id": "order_OVlpTZoQrI2vnA", "address": "Paras Ram Nagar Gali No 32A", "email": "mkmishra940@gmail.com", "phone_number": "07009651446", "tax_amount": "146.80", "store_pickup": "150.00", "discount": "500.00", "final_amount": "2732.80", "created_at": "2024-07-07T14:11:00.404Z", "city": "Bathinda", "state": "Punjab", "name": "null", "status": "Cancelled"}}, {"model": "shop.order", "pk": 6, "fields": {"user": 1, "total_amount": "2732.80", "razorpay_order_id": "order_OVlqMVklkK7Z2p", "address": "Paras Ram Nagar Gali No 32A", "email": "mkmishra940@gmail.com", "phone_number": "07009651446", "tax_amount": "146.80", "store_pickup": "150.00", "discount": "500.00", "final_amount": "2732.80", "created_at": "2024-07-07T14:11:50.730Z", "city": "Bathinda", "state": "Punjab", "name": "null", "status": "Confirmed"}}, {"model": "shop.order", "pk": 7, "fields": {"user": 1, "total_amount": "2732.80", "razorpay_order_id": "order_OVlqRxZxpcq25M", "address": "Paras Ram Nagar Gali No 32A", "email": "mkmishra940@gmail.com", "phone_number": "07009651446", "tax_amount": "146.80", "store_pickup": "150.00", "discount": "500.00", "final_amount": "2732.80", "created_at": "2024-07-07T14:11:55.721Z", "city": "Bathinda", "state": "Punjab", "name": "null", "status": "Confirmed"}}, {"model": "shop.order", "pk": 8, "fields": {"user": 1, "total_amount": "2732.80", "razorpay_order_id": "order_OVlqW8nBbqWqyF", "address": "Paras Ram Nagar Gali No 32A", "email": "mkmishra940@gmail.com", "phone_number": "07009651446", "tax_amount": "146.80", "store_pickup": "150.00", "discount": "500.00", "final_amount": "2732.80", "created_at": "2024-07-07T14:11:59.554Z", "city": "Bathinda", "state": "Punjab", "name": "null", "status": "Confirmed"}}, {"model": "shop.order", "pk": 9, "fields": {"user": 1, "total_amount": "2732.80", "razorpay_order_id": "order_OVlqgST0Z2Mc3R", "address": "Paras Ram Nagar Gali No 32A", "email": "mkmishra940@gmail.com", "phone_number": "07009651446", "tax_amount": "146.80", "store_pickup": "150.00", "discount": "500.00", "final_amount": "2732.80", "created_at": "2024-07-07T14:12:09.006Z", "city": "Bathinda", "state": "Punjab", "name": "null", "status": "Confirmed"}}, {"model": "shop.order", "pk": 10, "fields": {"user": 1, "total_amount": "2732.80", "razorpay_order_id": "order_OVlrO1hiqE0jj7", "address": "Paras Ram Nagar Gali No 32A", "email": "mkmishra940@gmail.com", "phone_number": "07009651446", "tax_amount": "146.80", "store_pickup": "150.00", "discount": "500.00", "final_amount": "2732.80", "created_at": "2024-07-07T14:12:48.929Z", "city": "Bathinda", "state": "Punjab", "name": "null", "status": "Confirmed"}}, {"model": "shop.order", "pk": 11, "fields": {"user": 1, "total_amount": "5033.00", "razorpay_order_id": "order_OVmGQjDxlqZ0ai", "address": "Paras Ram Nagar Gali No 32A", "email": "mkmishra940@gmail.com", "phone_number": "07009651446", "tax_amount": "251.65", "store_pickup": "150.00", "discount": "500.00", "final_amount": "4934.65", "created_at": "2024-07-07T14:36:29.436Z", "city": "Bathinda", "state": "Punjab", "name": "null", "status": "Confirmed"}}, {"model": "shop.order", "pk": 12, "fields": {"user": 1, "total_amount": "3495.00", "razorpay_order_id": "order_OVmI8svD7nw790", "address": "Paras Ram Nagar Gali No 32A", "email": "mkmishra940@gmail.com", "phone_number": "07009651446", "tax_amount": "174.75", "store_pickup": "150.00", "discount": "500.00", "final_amount": "3319.75", "created_at": "2024-07-07T14:38:06.399Z", "city": "Bathinda", "state": "Punjab", "name": "null", "status": "Cancelled"}}, {"model": "shop.order", "pk": 13, "fields": {"user": 1, "total_amount": "3495.00", "razorpay_order_id": "order_OVmRQ7zRwkDs6P", "address": "Paras Ram Nagar Gali No 32A", "email": "mkmishra940@gmail.com", "phone_number": "07009651446", "tax_amount": "174.75", "store_pickup": "150.00", "discount": "500.00", "final_amount": "3319.75", "created_at": "2024-07-07T14:46:53.964Z", "city": "Bathinda", "state": "Punjab", "name": "null", "status": "Confirmed"}}, {"model": "shop.order", "pk": 14, "fields": {"user": 1, "total_amount": "3495.00", "razorpay_order_id": "order_OVmVjZ29Cti0LE", "address": "Paras Ram Nagar Gali No 32A", "email": "mkmishra940@gmail.com", "phone_number": "07009651446", "tax_amount": "174.75", "store_pickup": "150.00", "discount": "500.00", "final_amount": "3319.75", "created_at": "2024-07-07T14:50:58.695Z", "city": "Bathinda", "state": "Punjab", "name": "null", "status": "Cancelled"}}, {"model": "shop.order", "pk": 15, "fields": {"user": 1, "total_amount": "3495.00", "razorpay_order_id": "order_OVmd8Tu2KjitJo", "address": "Paras Ram Nagar Gali No 32A", "email": "mkmishra940@gmail.com", "phone_number": "07009651446", "tax_amount": "174.75", "store_pickup": "150.00", "discount": "500.00", "final_amount": "3319.75", "created_at": "2024-07-07T14:57:58.977Z", "city": "Bathinda", "state": "Punjab", "name": "null", "status": "Confirmed"}}, {"model": "shop.order", "pk": 16, "fields": {"user": 1, "total_amount": "699.00", "razorpay_order_id": "order_OVpehHBkZ6rFnS", "address": "Paras Ram Nagar Gali No 32A", "email": "mkmishra940@gmail.com", "phone_number": "07009651446", "tax_amount": "34.95", "store_pickup": "150.00", "discount": "500.00", "final_amount": "383.95", "created_at": "2024-07-07T17:55:31.592Z", "city": "Bathinda", "state": "Punjab", "name": "null", "status": "Confirmed"}}, {"model": "shop.order", "pk": 17, "fields": {"user": 1, "total_amount": "600.00", "razorpay_order_id": "order_OVq9FohPFPs6yp", "address": "Paras Ram Nagar Gali No 32A", "email": "mkmishra940@gmail.com", "phone_number": "07009651446", "tax_amount": "30.00", "store_pickup": "150.00", "discount": "500.00", "final_amount": "280.00", "created_at": "2024-07-07T18:24:26.576Z", "city": "Bathinda", "state": "Punjab", "name": "null", "status": "Confirmed"}}, {"model": "shop.order", "pk": 18, "fields": {"user": 1, "total_amount": "600.00", "razorpay_order_id": "order_OVqCuVCohZT7Jf", "address": "Paras Ram Nagar Gali No 32A", "email": "mkmishra940@gmail.com", "phone_number": "07009651446", "tax_amount": "30.00", "store_pickup": "150.00", "discount": "500.00", "final_amount": "280.00", "created_at": "2024-07-07T18:27:55.407Z", "city": "Bathinda", "state": "Punjab", "name": "null", "status": "Confirmed"}}, {"model": "shop.order", "pk": 19, "fields": {"user": 1, "total_amount": "900.00", "razorpay_order_id": "order_OW4HTjLm85F5ow", "address": "Paras Ram Nagar Gali No 32A", "email": "mkmishra940@gmail.com", "phone_number": "07009651446", "tax_amount": "45.00", "store_pickup": "150.00", "discount": "500.00", "final_amount": "595.00", "created_at": "2024-07-08T08:13:58.207Z", "city": "Bathinda", "state": "Punjab", "name": "null", "status": "Confirmed"}}, {"model": "shop.order", "pk": 20, "fields": {"user": 1, "total_amount": "2949.00", "razorpay_order_id": "order_OW5xYdptulec90", "address": "Paras Ram Nagar Gali No 32A", "email": "mkmishra940@gmail.com", "phone_number": "07009651446", "tax_amount": "147.45", "store_pickup": "150.00", "discount": "500.00", "final_amount": "2746.45", "created_at": "2024-07-08T09:52:26.587Z", "city": "Bathinda", "state": "Punjab", "name": "Satyam Mishra", "status": "Cancelled"}}, {"model": "shop.order", "pk": 21, "fields": {"user": 1, "total_amount": "2199.00", "razorpay_order_id": "order_OW6FTNoLIEstit", "address": "Paras Ram Nagar Gali No 32A", "email": "mkmishra940@gmail.com", "phone_number": "07009651446", "tax_amount": "109.95", "store_pickup": "150.00", "discount": "200.00", "final_amount": "2258.95", "created_at": "2024-07-08T10:09:25.416Z", "city": "Bathinda", "state": "Punjab", "name": "Satyam Mishra", "status": "Cancelled"}}, {"model": "shop.order", "pk": 22, "fields": {"user": 3, "total_amount": "2214.00", "razorpay_order_id": "order_OWTrrgEpBd1kko", "address": "Paras Ram Nagar Gali No 32A", "email": "mkmishra940@gmail.com", "phone_number": "07009651446", "tax_amount": "110.70", "store_pickup": "150.00", "discount": "200.00", "final_amount": "2274.70", "created_at": "2024-07-09T09:15:42.780Z", "city": "Bathinda", "state": "Punjab", "name": "Satyam Mishra", "status": "Cancelled"}}, {"model": "shop.order", "pk": 23, "fields": {"user": 3, "total_amount": "0.00", "razorpay_order_id": null, "address": "Paras Ram Nagar Gali No 32A", "email": "mkmishra940@gmail.com", "phone_number": "07009651446", "tax_amount": "0.00", "store_pickup": "150.00", "discount": "200.00", "final_amount": "-50.00", "created_at": "2024-07-09T09:18:48.136Z", "city": "Bathinda", "state": "Punjab", "name": "Satyam Mishra", "status": "Cancelled"}}, {"model": "shop.order", "pk": 24, "fields": {"user": 3, "total_amount": "0.00", "razorpay_order_id": null, "address": "Paras Ram Nagar Gali No 32A", "email": "mkmishra940@gmail.com", "phone_number": "07009651446", "tax_amount": "0.00", "store_pickup": "150.00", "discount": "200.00", "final_amount": "-50.00", "created_at": "2024-07-09T09:18:57.887Z", "city": "Bathinda", "state": "Punjab", "name": "Satyam Mishra", "status": "Confirmed"}}, {"model": "shop.order", "pk": 25, "fields": {"user": 3, "total_amount": "0.00", "razorpay_order_id": null, "address": "Paras Ram Nagar Gali No 32A", "email": "mkmishra940@gmail.com", "phone_number": "07009651446", "tax_amount": "0.00", "store_pickup": "150.00", "discount": "200.00", "final_amount": "-50.00", "created_at": "2024-07-09T09:19:07.122Z", "city": "Bathinda", "state": "Punjab", "name": "Satyam Mishra", "status": "Confirmed"}}, {"model": "shop.order", "pk": 26, "fields": {"user": 3, "total_amount": "0.00", "razorpay_order_id": null, "address": "Paras Ram Nagar Gali No 32A", "email": "mkmishra940@gmail.com", "phone_number": "07009651446", "tax_amount": "0.00", "store_pickup": "150.00", "discount": "200.00", "final_amount": "-50.00", "created_at": "2024-07-09T09:19:16.880Z", "city": "Bathinda", "state": "Punjab", "name": "Satyam Mishra", "status": "Confirmed"}}, {"model": "shop.order", "pk": 27, "fields": {"user": 3, "total_amount": "0.00", "razorpay_order_id": null, "address": "Paras Ram Nagar Gali No 32A", "email": "mkmishra940@gmail.com", "phone_number": "07009651446", "tax_amount": "0.00", "store_pickup": "150.00", "discount": "200.00", "final_amount": "-50.00", "created_at": "2024-07-09T09:19:23.953Z", "city": "Bathinda", "state": "Punjab", "name": "Satyam Mishra", "status": "Confirmed"}}, {"model": "shop.order", "pk": 28, "fields": {"user": 3, "total_amount": "0.00", "razorpay_order_id": null, "address": "Paras Ram Nagar Gali No 32A", "email": "mkmishra940@gmail.com", "phone_number": "07009651446", "tax_amount": "0.00", "store_pickup": "150.00", "discount": "200.00", "final_amount": "-50.00", "created_at": "2024-07-09T09:19:36.146Z", "city": "Bathinda", "state": "Punjab", "name": "Satyam Mishra", "status": "Confirmed"}}, {"model": "shop.order", "pk": 29, "fields": {"user": 3, "total_amount": "0.00", "razorpay_order_id": null, "address": "Paras Ram Nagar Gali No 32A", "email": "mkmishra940@gmail.com", "phone_number": "07009651446", "tax_amount": "0.00", "store_pickup": "150.00", "discount": "200.00", "final_amount": "-50.00", "created_at": "2024-07-09T09:20:13.389Z", "city": "Bathinda", "state": "Punjab", "name": "Satyam Mishra", "status": "Confirmed"}}, {"model": "shop.order", "pk": 30, "fields": {"user": 3, "total_amount": "1889.00", "razorpay_order_id": "order_OWTytgiOoizVzX", "address": "Paras Ram Nagar Gali No 32A", "email": "mkmishra940@gmail.com", "phone_number": "07009651446", "tax_amount": "94.45", "store_pickup": "150.00", "discount": "200.00", "final_amount": "1933.45", "created_at": "2024-07-09T09:22:23.666Z", "city": "Bathinda", "state": "Punjab", "name": "Satyam Mishra", "status": "Confirmed"}}, {"model": "shop.order", "pk": 31, "fields": {"user": 1, "total_amount": "545.00", "razorpay_order_id": "order_OWqfnshJNVU9l4", "address": "Paras Ram Nagar Gali No 32A", "email": "mkmishra940@gmail.com", "phone_number": "07009651446", "tax_amount": "27.25", "store_pickup": "150.00", "discount": "200.00", "final_amount": "522.25", "created_at": "2024-07-10T07:34:16.104Z", "city": "Bathinda", "state": "Punjab", "name": "Satyam Mishra", "status": "Confirmed"}}, {"model": "shop.order", "pk": 32, "fields": {"user": 6, "total_amount": "2019.00", "razorpay_order_id": "order_OWvAiDEN7uyG9s", "address": "elgin drive brampton , Ontario", "email": "Mohit@google.com", "phone_number": "9734567899", "tax_amount": "100.95", "store_pickup": "150.00", "discount": "200.00", "final_amount": "2069.95", "created_at": "2024-07-10T11:58:15.947Z", "city": "brampton", "state": "Ontario", "name": "Mohit Goyal", "status": "Cancelled"}}, {"model": "shop.order", "pk": 33, "fields": {"user": 6, "total_amount": "600.00", "razorpay_order_id": "order_OWvIJMnc6e8I8z", "address": "Paras Ram Nagar Gali No 32A", "email": "mkmishra940@gmail.com", "phone_number": "07009651446", "tax_amount": "30.00", "store_pickup": "150.00", "discount": "200.00", "final_amount": "580.00", "created_at": "2024-07-10T12:05:29.666Z", "city": "Bathinda", "state": "Punjab", "name": "Satyam Mishra", "status": "Cancelled"}}, {"model": "shop.order", "pk": 34, "fields": {"user": 6, "total_amount": "2319.00", "razorpay_order_id": "order_OWvRBFRNeEhp5A", "address": "abc", "email": "abc@goole.com", "phone_number": "123456789", "tax_amount": "115.95", "store_pickup": "150.00", "discount": "200.00", "final_amount": "2384.95", "created_at": "2024-07-10T12:13:53.539Z", "city": "abc", "state": "abc", "name": "satyam", "status": "Confirmed"}}, {"model": "shop.order", "pk": 35, "fields": {"user": 3, "total_amount": "778.00", "razorpay_order_id": "order_OX0KrMxGwjFsXa", "address": "Paras Ram Nagar Gali No 32A", "email": "mkmishra940@gmail.com", "phone_number": "07009651446", "tax_amount": "38.90", "store_pickup": "150.00", "discount": "200.00", "final_amount": "766.90", "created_at": "2024-07-10T17:01:20.576Z", "city": "Bathinda", "state": "Punjab", "name": "SHAKSHI", "status": "Confirmed"}}, {"model": "shop.order", "pk": 36, "fields": {"user": 3, "total_amount": "778.00", "razorpay_order_id": "order_OX0KsXTU803u0E", "address": "Paras Ram Nagar Gali No 32A", "email": "mkmishra940@gmail.com", "phone_number": "07009651446", "tax_amount": "38.90", "store_pickup": "150.00", "discount": "200.00", "final_amount": "766.90", "created_at": "2024-07-10T17:01:23.520Z", "city": "Bathinda", "state": "Punjab", "name": "SHAKSHI", "status": "Confirmed"}}, {"model": "shop.order", "pk": 37, "fields": {"user": 1, "total_amount": "1575.00", "razorpay_order_id": "order_OXFm7F0l9Qr3Fh", "address": "Paras Ram Nagar Gali No 32A", "email": "mkmishra940@gmail.com", "phone_number": "07009651446", "tax_amount": "78.75", "store_pickup": "150.00", "discount": "200.00", "final_amount": "1603.75", "created_at": "2024-07-11T08:07:36.098Z", "city": "Bathinda", "state": "Punjab", "name": "Satyam Mishra", "status": "Confirmed"}}, {"model": "shop.order", "pk": 38, "fields": {"user": 1, "total_amount": "1575.00", "razorpay_order_id": "order_OXFm7EwXOTyxMP", "address": "Paras Ram Nagar Gali No 32A", "email": "mkmishra940@gmail.com", "phone_number": "07009651446", "tax_amount": "78.75", "store_pickup": "150.00", "discount": "200.00", "final_amount": "1603.75", "created_at": "2024-07-11T08:07:36.614Z", "city": "Bathinda", "state": "Punjab", "name": "Satyam Mishra", "status": "Confirmed"}}, {"model": "shop.order", "pk": 39, "fields": {"user": 1, "total_amount": "2316.00", "razorpay_order_id": "order_OYCRwVLh6rVJhb", "address": "Paras Ram Nagar Gali No 32A", "email": "mkmishra940@gmail.com", "phone_number": "07009651446", "tax_amount": "115.80", "store_pickup": "150.00", "discount": "200.00", "final_amount": "2381.80", "created_at": "2024-07-13T17:31:22.388Z", "city": "Bathinda", "state": "Punjab", "name": "Satyam Mishra", "status": "Cancelled"}}, {"model": "shop.order", "pk": 40, "fields": {"user": 1, "total_amount": "769.00", "razorpay_order_id": "order_OYSvsjGtnV9YYE", "address": "Paras Ram Nagar Gali No 32A", "email": "mkmishra940@gmail.com", "phone_number": "07009651446", "tax_amount": "38.45", "store_pickup": "150.00", "discount": "200.00", "final_amount": "757.45", "created_at": "2024-07-14T09:38:49.461Z", "city": "Bathinda", "state": "Punjab", "name": "Satyam Mishra", "status": "Confirmed"}}, {"model": "shop.orderitem", "pk": 1, "fields": {"order": 16, "content_type": 7, "object_id": 3, "quantity": 1, "price": "699.00"}}, {"model": "shop.orderitem", "pk": 2, "fields": {"order": 17, "content_type": 7, "object_id": 1, "quantity": 1, "price": "600.00"}}, {"model": "shop.orderitem", "pk": 3, "fields": {"order": 18, "content_type": 7, "object_id": 1, "quantity": 1, "price": "600.00"}}, {"model": "shop.orderitem", "pk": 4, "fields": {"order": 19, "content_type": 7, "object_id": 4, "quantity": 1, "price": "900.00"}}, {"model": "shop.orderitem", "pk": 5, "fields": {"order": 20, "content_type": 7, "object_id": 3, "quantity": 1, "price": "699.00"}}, {"model": "shop.orderitem", "pk": 6, "fields": {"order": 20, "content_type": 7, "object_id": 4, "quantity": 1, "price": "900.00"}}, {"model": "shop.orderitem", "pk": 7, "fields": {"order": 20, "content_type": 7, "object_id": 6, "quantity": 2, "price": "675.00"}}, {"model": "shop.orderitem", "pk": 8, "fields": {"order": 21, "content_type": 7, "object_id": 1, "quantity": 1, "price": "600.00"}}, {"model": "shop.orderitem", "pk": 9, "fields": {"order": 21, "content_type": 7, "object_id": 4, "quantity": 1, "price": "900.00"}}, {"model": "shop.orderitem", "pk": 10, "fields": {"order": 21, "content_type": 7, "object_id": 7, "quantity": 1, "price": "699.00"}}, {"model": "shop.orderitem", "pk": 11, "fields": {"order": 22, "content_type": 7, "object_id": 2, "quantity": 1, "price": "769.00"}}, {"model": "shop.orderitem", "pk": 12, "fields": {"order": 22, "content_type": 7, "object_id": 4, "quantity": 1, "price": "900.00"}}, {"model": "shop.orderitem", "pk": 13, "fields": {"order": 22, "content_type": 7, "object_id": 14, "quantity": 1, "price": "545.00"}}, {"model": "shop.orderitem", "pk": 14, "fields": {"order": 30, "content_type": 7, "object_id": 5, "quantity": 1, "price": "669.00"}}, {"model": "shop.orderitem", "pk": 15, "fields": {"order": 30, "content_type": 7, "object_id": 6, "quantity": 1, "price": "675.00"}}, {"model": "shop.orderitem", "pk": 16, "fields": {"order": 30, "content_type": 7, "object_id": 14, "quantity": 1, "price": "545.00"}}, {"model": "shop.orderitem", "pk": 17, "fields": {"order": 31, "content_type": 7, "object_id": 14, "quantity": 1, "price": "545.00"}}, {"model": "shop.orderitem", "pk": 18, "fields": {"order": 32, "content_type": 7, "object_id": 5, "quantity": 1, "price": "669.00"}}, {"model": "shop.orderitem", "pk": 19, "fields": {"order": 32, "content_type": 7, "object_id": 6, "quantity": 1, "price": "675.00"}}, {"model": "shop.orderitem", "pk": 20, "fields": {"order": 32, "content_type": 7, "object_id": 11, "quantity": 1, "price": "675.00"}}, {"model": "shop.orderitem", "pk": 21, "fields": {"order": 33, "content_type": 9, "object_id": 1, "quantity": 1, "price": "600.00"}}, {"model": "shop.orderitem", "pk": 22, "fields": {"order": 34, "content_type": 9, "object_id": 4, "quantity": 1, "price": "746.00"}}, {"model": "shop.orderitem", "pk": 23, "fields": {"order": 34, "content_type": 7, "object_id": 3, "quantity": 1, "price": "699.00"}}, {"model": "shop.orderitem", "pk": 24, "fields": {"order": 34, "content_type": 7, "object_id": 8, "quantity": 1, "price": "874.00"}}, {"model": "shop.orderitem", "pk": 25, "fields": {"order": 35, "content_type": 9, "object_id": 5, "quantity": 1, "price": "778.00"}}, {"model": "shop.orderitem", "pk": 26, "fields": {"order": 36, "content_type": 9, "object_id": 5, "quantity": 1, "price": "778.00"}}, {"model": "shop.orderitem", "pk": 27, "fields": {"order": 37, "content_type": 7, "object_id": 7, "quantity": 1, "price": "699.00"}}, {"model": "shop.orderitem", "pk": 28, "fields": {"order": 37, "content_type": 8, "object_id": 3, "quantity": 1, "price": "876.00"}}, {"model": "shop.orderitem", "pk": 29, "fields": {"order": 38, "content_type": 7, "object_id": 7, "quantity": 1, "price": "699.00"}}, {"model": "shop.orderitem", "pk": 30, "fields": {"order": 38, "content_type": 8, "object_id": 3, "quantity": 1, "price": "876.00"}}, {"model": "shop.orderitem", "pk": 31, "fields": {"order": 39, "content_type": 8, "object_id": 1, "quantity": 1, "price": "700.00"}}, {"model": "shop.orderitem", "pk": 32, "fields": {"order": 39, "content_type": 7, "object_id": 2, "quantity": 1, "price": "769.00"}}, {"model": "shop.orderitem", "pk": 33, "fields": {"order": 39, "content_type": 9, "object_id": 2, "quantity": 1, "price": "847.00"}}, {"model": "shop.orderitem", "pk": 34, "fields": {"order": 40, "content_type": 7, "object_id": 2, "quantity": 1, "price": "769.00"}}]
